{
    "4kYSro6naA4h99UJvo89HB": {
        "artist_id": "4kYSro6naA4h99UJvo89HB",
        "name": "Cardi B",
        "genres": [
            "pop",
            "pop rap",
            "rap"
        ],
        "followers": 11142131
    },
    "2kRfqPViCqYdSGhYSM9R0Q": {
        "artist_id": "2kRfqPViCqYdSGhYSM9R0Q",
        "name": "Madison Beer",
        "genres": [
            "dance pop",
            "pop",
            "post-teen pop"
        ],
        "followers": 1810571
    },
    "6oMuImdp5ZcFhWP0ESe6mG": {
        "artist_id": "6oMuImdp5ZcFhWP0ESe6mG",
        "name": "Migos",
        "genres": [
            "atl hip hop",
            "hip hop",
            "pop rap",
            "rap",
            "southern hip hop",
            "trap"
        ],
        "followers": 10304160
    },
    "6vXTefBL93Dj5IqAWq6OTv": {
        "artist_id": "6vXTefBL93Dj5IqAWq6OTv",
        "name": "French Montana",
        "genres": [
            "hip hop",
            "pop rap",
            "rap",
            "southern hip hop",
            "trap"
        ],
        "followers": 3423329
    },
    "3uihH9rY2n7IgCkO0Rjbe1": {
        "artist_id": "3uihH9rY2n7IgCkO0Rjbe1",
        "name": "Killumantii",
        "genres": [
            "trap queen"
        ],
        "followers": 198907
    },
    "7z5WFjZAIYejWy0NI5lv4T": {
        "artist_id": "7z5WFjZAIYejWy0NI5lv4T",
        "name": "Dan + Shay",
        "genres": [
            "contemporary country",
            "pop"
        ],
        "followers": 1598564
    },
    "1ShZZUjkbXCjhwrb18BA8I": {
        "artist_id": "1ShZZUjkbXCjhwrb18BA8I",
        "name": "Bryce Vine",
        "genres": [
            "pop",
            "pop rap"
        ],
        "followers": 279812
    },
    "1kNQXvepPjaPgUfeDAF2h6": {
        "artist_id": "1kNQXvepPjaPgUfeDAF2h6",
        "name": "You Me At Six",
        "genres": [
            "modern alternative rock",
            "modern rock",
            "neon pop punk",
            "pop emo",
            "pop punk",
            "rock"
        ],
        "followers": 600090
    },
    "6S2OmqARrzebs0tKUEyXyp": {
        "artist_id": "6S2OmqARrzebs0tKUEyXyp",
        "name": "Demi Lovato",
        "genres": [
            "dance pop",
            "pop",
            "post-teen pop"
        ],
        "followers": 17011009
    },
    "5tth2a3v0sWwV1C7bApBdX": {
        "artist_id": "5tth2a3v0sWwV1C7bApBdX",
        "name": "Lil' Kim",
        "genres": [
            "dance pop",
            "east coast hip hop",
            "hip hop",
            "hip pop",
            "pop rap",
            "r&b",
            "rap",
            "southern hip hop",
            "trap queen",
            "urban contemporary"
        ],
        "followers": 904746
    },
    "6i392l38cR3uBPF0DbNs7S": {
        "artist_id": "6i392l38cR3uBPF0DbNs7S",
        "name": "Quality Control",
        "genres": [
            "hip hop",
            "melodic rap",
            "pop rap",
            "rap",
            "southern hip hop",
            "trap"
        ],
        "followers": 566115
    },
    "50co4Is1HCEo8bhOyUWKpn": {
        "artist_id": "50co4Is1HCEo8bhOyUWKpn",
        "name": "Young Thug",
        "genres": [
            "atl hip hop",
            "atl trap",
            "gangster rap",
            "melodic rap",
            "pop rap",
            "rap",
            "trap"
        ],
        "followers": 5090069
    },
    "1MXZ0hsGic96dWRDKwAwdr": {
        "artist_id": "1MXZ0hsGic96dWRDKwAwdr",
        "name": "Tyla Yaweh",
        "genres": [
            "cali rap",
            "melodic rap",
            "pop rap",
            "rap",
            "trap"
        ],
        "followers": 115151
    },
    "2CmaKO2zEGJ1NWpS1yfVGz": {
        "artist_id": "2CmaKO2zEGJ1NWpS1yfVGz",
        "name": "Falling In Reverse",
        "genres": [
            "metalcore",
            "pop punk",
            "rap metal"
        ],
        "followers": 1308885
    },
    "78YqeIji3mgAS2K1Maca6x": {
        "artist_id": "78YqeIji3mgAS2K1Maca6x",
        "name": "Dylan Scott",
        "genres": [
            "contemporary country",
            "country",
            "country road",
            "modern country rock"
        ],
        "followers": 678512
    },
    "02kJSzxNuaWGqwubyUba0Z": {
        "artist_id": "02kJSzxNuaWGqwubyUba0Z",
        "name": "G-Eazy",
        "genres": [
            "hip hop",
            "indie pop rap",
            "pop rap",
            "rap"
        ],
        "followers": 4409314
    },
    "6dJeKm76NjfXBNTpHmOhfO": {
        "artist_id": "6dJeKm76NjfXBNTpHmOhfO",
        "name": "Selena Gomez & The Scene",
        "genres": [
            "dance pop",
            "pop",
            "pop rap",
            "post-teen pop",
            "viral pop"
        ],
        "followers": 5215875
    },
    "6cK3NBO6uP7hh0oyuVELFl": {
        "artist_id": "6cK3NBO6uP7hh0oyuVELFl",
        "name": "Saweetie",
        "genres": [
            "cali rap",
            "pop",
            "pop rap",
            "post-teen pop",
            "trap queen"
        ],
        "followers": 558182
    },
    "4nDoRrQiYLoBzwC5BhVJzF": {
        "artist_id": "4nDoRrQiYLoBzwC5BhVJzF",
        "name": "Camila Cabello",
        "genres": [
            "dance pop",
            "pop",
            "post-teen pop"
        ],
        "followers": 15931867
    },
    "66CXWjxzNUsdJxJ2JdwvnR": {
        "artist_id": "66CXWjxzNUsdJxJ2JdwvnR",
        "name": "Ariana Grande",
        "genres": [
            "dance pop",
            "pop",
            "post-teen pop"
        ],
        "followers": 44775538
    },
    "0NIIxcxNHmOoyBx03SfTCD": {
        "artist_id": "0NIIxcxNHmOoyBx03SfTCD",
        "name": "Tinashe",
        "genres": [
            "alternative r&b",
            "dance pop",
            "deep pop r&b",
            "electropop",
            "metropopolis",
            "pop",
            "pop rap",
            "post-teen pop",
            "r&b",
            "urban contemporary"
        ],
        "followers": 1644666
    },
    "06bDwgCHeMAwhgI8il4Y5k": {
        "artist_id": "06bDwgCHeMAwhgI8il4Y5k",
        "name": "Set It Off",
        "genres": [
            "electropowerpop",
            "modern rock",
            "otacore",
            "pixie",
            "pop punk",
            "rock"
        ],
        "followers": 514607
    },
    "5ZsFI1h6hIdQRw2ti0hz81": {
        "artist_id": "5ZsFI1h6hIdQRw2ti0hz81",
        "name": "ZAYN",
        "genres": [
            "dance pop",
            "electropop",
            "pop",
            "post-teen pop",
            "uk pop"
        ],
        "followers": 11301039
    },
    "54lUDwCk35ihJuK3yJCqHA": {
        "artist_id": "54lUDwCk35ihJuK3yJCqHA",
        "name": "James Barker Band",
        "genres": [
            "canadian contemporary country",
            "canadian country",
            "contemporary country",
            "country pop",
            "country road",
            "modern country rock"
        ],
        "followers": 68443
    },
    "6y8XlgIV8BLlIg1tT1R10i": {
        "artist_id": "6y8XlgIV8BLlIg1tT1R10i",
        "name": "Old Dominion",
        "genres": [
            "contemporary country",
            "country road"
        ],
        "followers": 744822
    },
    "5CiGnKThu5ctn9pBxv7DGa": {
        "artist_id": "5CiGnKThu5ctn9pBxv7DGa",
        "name": "benny blanco",
        "genres": [
            "electropop",
            "pop",
            "pop rap",
            "post-teen pop"
        ],
        "followers": 525940
    },
    "7Gkyjs2OYQpJdOvvmwIz2Z": {
        "artist_id": "7Gkyjs2OYQpJdOvvmwIz2Z",
        "name": "Pardison Fontaine",
        "genres": [
            "nyc rap",
            "rap",
            "trap"
        ],
        "followers": 158566
    },
    "2NdeV5rLm47xAvogXrYhJX": {
        "artist_id": "2NdeV5rLm47xAvogXrYhJX",
        "name": "Ciara",
        "genres": [
            "dance pop",
            "hip pop",
            "pop",
            "pop rap",
            "post-teen pop",
            "r&b",
            "rap",
            "urban contemporary"
        ],
        "followers": 4303428
    },
    "4fpTMHe34LC5t3h5ztK8qu": {
        "artist_id": "4fpTMHe34LC5t3h5ztK8qu",
        "name": "The Carters",
        "genres": [
            "pop",
            "pop rap",
            "r&b",
            "rap",
            "urban contemporary"
        ],
        "followers": 804417
    },
    "4oUHIQIBe0LHzYfvXNW4QM": {
        "artist_id": "4oUHIQIBe0LHzYfvXNW4QM",
        "name": "Morgan Wallen",
        "genres": [
            "contemporary country",
            "country road",
            "deep talent show"
        ],
        "followers": 494949
    },
    "4UXqAaa6dQYAk18Lv7PEgX": {
        "artist_id": "4UXqAaa6dQYAk18Lv7PEgX",
        "name": "Fall Out Boy",
        "genres": [
            "emo",
            "modern rock",
            "pop punk"
        ],
        "followers": 7820149
    },
    "2ySHS7UojGu20XfUPaBlyu": {
        "artist_id": "2ySHS7UojGu20XfUPaBlyu",
        "name": "Devin Dawson",
        "genres": [
            "contemporary country",
            "country pop",
            "modern country rock"
        ],
        "followers": 122972
    },
    "26VFTg2z8YR0cCuwLzESi2": {
        "artist_id": "26VFTg2z8YR0cCuwLzESi2",
        "name": "Halsey",
        "genres": [
            "dance pop",
            "electropop",
            "etherpop",
            "indie poptimism",
            "pop",
            "post-teen pop"
        ],
        "followers": 10288467
    },
    "7iZtZyCzp3LItcw1wtPI3D": {
        "artist_id": "7iZtZyCzp3LItcw1wtPI3D",
        "name": "Rae Sremmurd",
        "genres": [
            "hip hop",
            "melodic rap",
            "pop rap",
            "rap",
            "southern hip hop",
            "trap"
        ],
        "followers": 5775239
    },
    "37hAfseJWi0G3Scife12Il": {
        "artist_id": "37hAfseJWi0G3Scife12Il",
        "name": "City Girls",
        "genres": [
            "pop",
            "trap queen"
        ],
        "followers": 704135
    },
    "3vAaWhdBR38Q02ohXqaNHT": {
        "artist_id": "3vAaWhdBR38Q02ohXqaNHT",
        "name": "The All-American Rejects",
        "genres": [
            "modern rock",
            "neo mellow",
            "pop",
            "pop punk",
            "pop rock",
            "post-grunge"
        ],
        "followers": 1791555
    },
    "2C2sVVXanbOpymYBMpsi89": {
        "artist_id": "2C2sVVXanbOpymYBMpsi89",
        "name": "The Cab",
        "genres": [
            "modern rock",
            "neon pop punk",
            "pop punk",
            "pop rock",
            "post-teen pop",
            "vegas indie",
            "viral pop"
        ],
        "followers": 452729
    },
    "2dEZtPJFspWetycGtouit2": {
        "artist_id": "2dEZtPJFspWetycGtouit2",
        "name": "Seth Ennis",
        "genres": [
            "contemporary country",
            "country pop"
        ],
        "followers": 53713
    },
    "1Xylc3o4UrD53lo9CvFvVg": {
        "artist_id": "1Xylc3o4UrD53lo9CvFvVg",
        "name": "Zara Larsson",
        "genres": [
            "dance pop",
            "edm",
            "pop",
            "post-teen pop",
            "scandipop",
            "swedish electropop",
            "swedish pop",
            "tropical house",
            "uk pop"
        ],
        "followers": 7046859
    },
    "68EB3QvNdVLkC7SAgDbHIR": {
        "artist_id": "68EB3QvNdVLkC7SAgDbHIR",
        "name": "Marianas Trench",
        "genres": [
            "canadian rock",
            "neon pop punk",
            "pixie",
            "pop punk",
            "pop rock",
            "post-teen pop"
        ],
        "followers": 319784
    },
    "09J4zbHHwNNlN2tfgJIg21": {
        "artist_id": "09J4zbHHwNNlN2tfgJIg21",
        "name": "Anarbor",
        "genres": [
            "modern rock",
            "neon pop punk",
            "pop emo",
            "pop punk"
        ],
        "followers": 131732
    },
    "0iEtIxbK0KxaSlF7G42ZOp": {
        "artist_id": "0iEtIxbK0KxaSlF7G42ZOp",
        "name": "Metro Boomin",
        "genres": [
            "hip hop",
            "pop rap",
            "rap",
            "southern hip hop",
            "trap"
        ],
        "followers": 1812550
    },
    "7DuTB6wdzqFJGFLSH17k8e": {
        "artist_id": "7DuTB6wdzqFJGFLSH17k8e",
        "name": "Bhad Bhabie",
        "genres": [
            "pop",
            "pop rap",
            "social media pop",
            "trap queen"
        ],
        "followers": 1926022
    },
    "0xOeVMOz2fVg5BJY3N6akT": {
        "artist_id": "0xOeVMOz2fVg5BJY3N6akT",
        "name": "Jaden",
        "genres": [
            "hip hop",
            "pop",
            "rap"
        ],
        "followers": 1079793
    },
    "68abRTdO4meYReMWHvBYb0": {
        "artist_id": "68abRTdO4meYReMWHvBYb0",
        "name": "Chris Lane",
        "genres": [
            "contemporary country"
        ],
        "followers": 334288
    },
    "2lRH2dgU5Kk4Bc5phmII4T": {
        "artist_id": "2lRH2dgU5Kk4Bc5phmII4T",
        "name": "LANCO",
        "genres": [
            "contemporary country",
            "country pop",
            "modern country rock"
        ],
        "followers": 320775
    },
    "1mfDfLsMxYcOOZkzBxvSVW": {
        "artist_id": "1mfDfLsMxYcOOZkzBxvSVW",
        "name": "Cole Swindell",
        "genres": [
            "contemporary country",
            "country",
            "country road",
            "modern country rock"
        ],
        "followers": 1296061
    },
    "0Raaw7kr1Vzat4ZvHzjsJR": {
        "artist_id": "0Raaw7kr1Vzat4ZvHzjsJR",
        "name": "I DONT KNOW HOW BUT THEY FOUND ME",
        "genres": [
            "indie pop",
            "modern alternative rock",
            "modern rock",
            "rock"
        ],
        "followers": 401819
    },
    "0FWzNDaEu9jdgcYTbcOa4F": {
        "artist_id": "0FWzNDaEu9jdgcYTbcOa4F",
        "name": "3OH!3",
        "genres": [
            "dance pop",
            "electropowerpop",
            "pop",
            "pop punk",
            "pop rap",
            "post-teen pop"
        ],
        "followers": 628866
    },
    "4PrinKSrmILmo0kERG0Ogn": {
        "artist_id": "4PrinKSrmILmo0kERG0Ogn",
        "name": "Trina",
        "genres": [
            "deep pop r&b",
            "escape room",
            "hip pop",
            "miami hip hop",
            "pop rap",
            "r&b",
            "rap",
            "rap latina",
            "southern hip hop",
            "trap",
            "trap queen"
        ],
        "followers": 553367
    },
    "5CCwRZC6euC8Odo6y9X8jr": {
        "artist_id": "5CCwRZC6euC8Odo6y9X8jr",
        "name": "Rita Ora",
        "genres": [
            "dance pop",
            "edm",
            "pop",
            "pop rap",
            "post-teen pop",
            "tropical house",
            "uk pop"
        ],
        "followers": 5657353
    },
    "20JZFwl6HVl6yg8a4H3ZqK": {
        "artist_id": "20JZFwl6HVl6yg8a4H3ZqK",
        "name": "Panic! At The Disco",
        "genres": [
            "baroque pop",
            "emo",
            "modern rock"
        ],
        "followers": 9295464
    },
    "6PXS4YHDkKvl1wkIl4V8DL": {
        "artist_id": "6PXS4YHDkKvl1wkIl4V8DL",
        "name": "Fetty Wap",
        "genres": [
            "new jersey rap",
            "pop rap",
            "rap",
            "southern hip hop",
            "trap"
        ],
        "followers": 3721421
    },
    "5p7f24Rk5HkUZsaS3BLG5F": {
        "artist_id": "5p7f24Rk5HkUZsaS3BLG5F",
        "name": "Hailee Steinfeld",
        "genres": [
            "dance pop",
            "pop",
            "post-teen pop"
        ],
        "followers": 5577710
    },
    "0c173mlxpT3dSFRgMO8XPh": {
        "artist_id": "0c173mlxpT3dSFRgMO8XPh",
        "name": "Big Sean",
        "genres": [
            "detroit hip hop",
            "hip hop",
            "pop rap",
            "rap",
            "southern hip hop",
            "trap"
        ],
        "followers": 7268870
    },
    "5YGY8feqx7naU7z4HrwZM6": {
        "artist_id": "5YGY8feqx7naU7z4HrwZM6",
        "name": "Miley Cyrus",
        "genres": [
            "dance pop",
            "pop",
            "post-teen pop"
        ],
        "followers": 11442359
    },
    "2wUjUUtkb5lvLKcGKsKqsR": {
        "artist_id": "2wUjUUtkb5lvLKcGKsKqsR",
        "name": "Alessia Cara",
        "genres": [
            "canadian contemporary r&b",
            "canadian pop",
            "dance pop",
            "electropop",
            "pop",
            "post-teen pop"
        ],
        "followers": 7033004
    },
    "0hCNtLu0JehylgoiP8L4Gh": {
        "artist_id": "0hCNtLu0JehylgoiP8L4Gh",
        "name": "Nicki Minaj",
        "genres": [
            "dance pop",
            "hip pop",
            "pop",
            "pop rap",
            "post-teen pop",
            "queens hip hop"
        ],
        "followers": 17471665
    },
    "4IVAbR2w4JJNJDDRFP3E83": {
        "artist_id": "4IVAbR2w4JJNJDDRFP3E83",
        "name": "6LACK",
        "genres": [
            "alternative r&b",
            "atl hip hop",
            "hip hop",
            "melodic rap",
            "pop",
            "pop rap",
            "rap",
            "trap"
        ],
        "followers": 2222230
    },
    "1l8Fu6IkuTP0U5QetQJ5Xt": {
        "artist_id": "1l8Fu6IkuTP0U5QetQJ5Xt",
        "name": "Fifth Harmony",
        "genres": [
            "dance pop",
            "girl group",
            "pop",
            "post-teen pop",
            "talent show",
            "viral pop"
        ],
        "followers": 10551064
    },
    "7d3WFRME3vBY2cgoP38RDo": {
        "artist_id": "7d3WFRME3vBY2cgoP38RDo",
        "name": "Lil Skies",
        "genres": [
            "melodic rap",
            "pop rap",
            "rap",
            "trap"
        ],
        "followers": 3950647
    },
    "0hAd6zwEgt9ILuMDY1prcI": {
        "artist_id": "0hAd6zwEgt9ILuMDY1prcI",
        "name": "Palaye Royale",
        "genres": [
            "modern alternative rock",
            "modern rock",
            "pop punk",
            "rock",
            "vegas indie"
        ],
        "followers": 191368
    },
    "3oSJ7TBVCWMDMiYjXNiCKE": {
        "artist_id": "3oSJ7TBVCWMDMiYjXNiCKE",
        "name": "Kane Brown",
        "genres": [
            "contemporary country",
            "country road"
        ],
        "followers": 2407214
    },
    "46gyXjRIvN1NL1eCB8GBxo": {
        "artist_id": "46gyXjRIvN1NL1eCB8GBxo",
        "name": "All Time Low",
        "genres": [
            "modern rock",
            "pop punk",
            "post-teen pop"
        ],
        "followers": 2278775
    },
    "4ULO7IGI3M2bo0Ap7B9h8a": {
        "artist_id": "4ULO7IGI3M2bo0Ap7B9h8a",
        "name": "Teyana Taylor",
        "genres": [
            "alternative r&b",
            "deep pop r&b",
            "hip pop",
            "pop",
            "pop rap",
            "r&b",
            "rap",
            "urban contemporary"
        ],
        "followers": 765901
    },
    "246dkjvS1zLTtiykXe5h60": {
        "artist_id": "246dkjvS1zLTtiykXe5h60",
        "name": "Post Malone",
        "genres": [
            "dfw rap",
            "melodic rap",
            "rap"
        ],
        "followers": 24429837
    },
    "3WfJ1OtrWI7RViX9DMyEGy": {
        "artist_id": "3WfJ1OtrWI7RViX9DMyEGy",
        "name": "Mayday Parade",
        "genres": [
            "emo",
            "neon pop punk",
            "pop emo",
            "pop punk"
        ],
        "followers": 1063258
    },
    "2ExGrw6XpbtUAJHTLtUXUD": {
        "artist_id": "2ExGrw6XpbtUAJHTLtUXUD",
        "name": "Stefflon Don",
        "genres": [
            "dancehall",
            "pop",
            "pop rap",
            "uk dancehall",
            "uk hip hop"
        ],
        "followers": 522468
    },
    "4udfTw7V8jI4AHi7PEfJfj": {
        "artist_id": "4udfTw7V8jI4AHi7PEfJfj",
        "name": "Melii",
        "genres": [
            "deep pop r&b",
            "pop",
            "rap latina",
            "trap queen"
        ],
        "followers": 111648
    },
    "7gWumE1wMALHXANLSIt054": {
        "artist_id": "7gWumE1wMALHXANLSIt054",
        "name": "Dreezy",
        "genres": [
            "chicago rap",
            "deep pop r&b",
            "drill",
            "hip pop",
            "trap queen"
        ],
        "followers": 482379
    },
    "5yG7ZAZafVaAlMTeBybKAL": {
        "artist_id": "5yG7ZAZafVaAlMTeBybKAL",
        "name": "Iggy Azalea",
        "genres": [
            "australian hip hop",
            "dance pop",
            "hip pop",
            "pop",
            "pop rap",
            "post-teen pop"
        ],
        "followers": 4746914
    },
    "3e7awlrlDSwF3iM0WBjGMp": {
        "artist_id": "3e7awlrlDSwF3iM0WBjGMp",
        "name": "Little Mix",
        "genres": [
            "dance pop",
            "girl group",
            "pop",
            "post-teen pop",
            "talent show",
            "uk pop"
        ],
        "followers": 7315951
    },
    "4YZ5ECfbM2xSTSQTJGBbO5": {
        "artist_id": "4YZ5ECfbM2xSTSQTJGBbO5",
        "name": "Gerard Way",
        "genres": [
            "modern rock"
        ],
        "followers": 278564
    },
    "6extd4B6hl8VTmnlhpl2bY": {
        "artist_id": "6extd4B6hl8VTmnlhpl2bY",
        "name": "Huncho Jack",
        "genres": [
            "hip hop",
            "melodic rap",
            "pop rap",
            "rap",
            "southern hip hop",
            "trap"
        ],
        "followers": 641781
    },
    "4GvEc3ANtPPjt1ZJllr5Zl": {
        "artist_id": "4GvEc3ANtPPjt1ZJllr5Zl",
        "name": "Bazzi",
        "genres": [
            "pop",
            "post-teen pop"
        ],
        "followers": 3133531
    },
    "6JL8zeS1NmiOftqZTRgdTz": {
        "artist_id": "6JL8zeS1NmiOftqZTRgdTz",
        "name": "Meghan Trainor",
        "genres": [
            "dance pop",
            "hip pop",
            "pop",
            "post-teen pop"
        ],
        "followers": 8917506
    },
    "6ghiFYcwn2Vzl6K50U0UPz": {
        "artist_id": "6ghiFYcwn2Vzl6K50U0UPz",
        "name": "Michael Ray",
        "genres": [
            "contemporary country",
            "country",
            "country pop",
            "country road",
            "modern country rock"
        ],
        "followers": 261947
    },
    "4BANbHDs1IluagTx5eRW2P": {
        "artist_id": "4BANbHDs1IluagTx5eRW2P",
        "name": "Jon Langston",
        "genres": [
            "contemporary country",
            "country pop",
            "country road",
            "modern country rock",
            "redneck"
        ],
        "followers": 147257
    },
    "7FBcuc1gsnv6Y1nwFtNRCb": {
        "artist_id": "7FBcuc1gsnv6Y1nwFtNRCb",
        "name": "My Chemical Romance",
        "genres": [
            "emo",
            "modern rock",
            "pop punk"
        ],
        "followers": 4868967
    },
    "3ao3jf5d70Tf4fPh2bnXVl": {
        "artist_id": "3ao3jf5d70Tf4fPh2bnXVl",
        "name": "We The Kings",
        "genres": [
            "neo mellow",
            "neon pop punk",
            "piano rock",
            "pop punk",
            "pop rock",
            "post-teen pop"
        ],
        "followers": 1031677
    },
    "4o0pNHbyj36LPvukNqEug0": {
        "artist_id": "4o0pNHbyj36LPvukNqEug0",
        "name": "The Maine",
        "genres": [
            "modern alternative rock",
            "modern rock",
            "neon pop punk",
            "pop emo",
            "pop punk",
            "pop rock"
        ],
        "followers": 440851
    },
    "4iJLPqClelZOBCBifm8Fzv": {
        "artist_id": "4iJLPqClelZOBCBifm8Fzv",
        "name": "Pierce The Veil",
        "genres": [
            "modern rock",
            "pop punk",
            "screamo"
        ],
        "followers": 1473229
    },
    "718COspgdWOnwOFpJHRZHS": {
        "artist_id": "718COspgdWOnwOFpJHRZHS",
        "name": "Luke Combs",
        "genres": [
            "contemporary country"
        ],
        "followers": 2668532
    },
    "7rkW85dBwwrJtlHRDkJDAC": {
        "artist_id": "7rkW85dBwwrJtlHRDkJDAC",
        "name": "NAV",
        "genres": [
            "canadian hip hop",
            "melodic rap",
            "pop rap",
            "rap",
            "toronto rap",
            "trap"
        ],
        "followers": 1929798
    },
    "6M2wZ9GZgrQXHCFfjv46we": {
        "artist_id": "6M2wZ9GZgrQXHCFfjv46we",
        "name": "Dua Lipa",
        "genres": [
            "dance pop",
            "pop",
            "uk pop"
        ],
        "followers": 16420397
    },
    "181bsRPaVXVlUKXrxwZfHK": {
        "artist_id": "181bsRPaVXVlUKXrxwZfHK",
        "name": "Megan Thee Stallion",
        "genres": [
            "houston rap",
            "pop",
            "pop rap",
            "trap queen"
        ],
        "followers": 970872
    },
    "1o2NpYGqHiCq7FoiYdyd1x": {
        "artist_id": "1o2NpYGqHiCq7FoiYdyd1x",
        "name": "Bea Miller",
        "genres": [
            "dance pop",
            "electropop",
            "indie poptimism",
            "pop",
            "post-teen pop",
            "talent show",
            "viral pop"
        ],
        "followers": 1616988
    },
    "34bhyY8jfKez7uKakMfy4y": {
        "artist_id": "34bhyY8jfKez7uKakMfy4y",
        "name": "Maddie & Tae",
        "genres": [
            "contemporary country",
            "country",
            "country pop"
        ],
        "followers": 517314
    },
    "32DuKytBMZn90iqyh2HEdc": {
        "artist_id": "32DuKytBMZn90iqyh2HEdc",
        "name": "Cuban Doll",
        "genres": [
            "deep pop r&b",
            "dfw rap",
            "trap queen"
        ],
        "followers": 246006
    },
    "0C8ZW7ezQVs4URX5aX7Kqx": {
        "artist_id": "0C8ZW7ezQVs4URX5aX7Kqx",
        "name": "Selena Gomez",
        "genres": [
            "dance pop",
            "pop",
            "post-teen pop"
        ],
        "followers": 20332616
    },
    "74XFHRwlV6OrjEM0A2NCMF": {
        "artist_id": "74XFHRwlV6OrjEM0A2NCMF",
        "name": "Paramore",
        "genres": [
            "candy pop",
            "emo",
            "pixie",
            "pop emo",
            "pop punk"
        ],
        "followers": 5129576
    },
    "0VRj0yCOv2FXJNP47XQnx5": {
        "artist_id": "0VRj0yCOv2FXJNP47XQnx5",
        "name": "Quavo",
        "genres": [
            "atl hip hop",
            "hip hop",
            "melodic rap",
            "pop rap",
            "rap",
            "trap"
        ],
        "followers": 3898615
    },
    "6icQOAFXDZKsumw3YXyusw": {
        "artist_id": "6icQOAFXDZKsumw3YXyusw",
        "name": "Lil Yachty",
        "genres": [
            "atl hip hop",
            "hip hop",
            "melodic rap",
            "pop rap",
            "rap",
            "southern hip hop",
            "trap",
            "underground hip hop"
        ],
        "followers": 6137380
    },
    "0XIKGBo9PnK1ApI5tZA60d": {
        "artist_id": "0XIKGBo9PnK1ApI5tZA60d",
        "name": "DaniLeigh",
        "genres": [
            "alternative r&b",
            "deep pop r&b",
            "pop",
            "pop rap",
            "r&b",
            "rap",
            "rap latina"
        ],
        "followers": 369334
    },
    "1dID9zgn0OV0Y8ud7Mh2tS": {
        "artist_id": "1dID9zgn0OV0Y8ud7Mh2tS",
        "name": "Dustin Lynch",
        "genres": [
            "contemporary country",
            "country",
            "country road",
            "modern country rock"
        ],
        "followers": 1316859
    },
    "77kULmXAQ6vWer7IIHdGzI": {
        "artist_id": "77kULmXAQ6vWer7IIHdGzI",
        "name": "Jordan Davis",
        "genres": [
            "contemporary country"
        ],
        "followers": 233877
    },
    "7lDVEkjIURPMyUYwoQRrpw": {
        "artist_id": "7lDVEkjIURPMyUYwoQRrpw",
        "name": "Ryan Hurd",
        "genres": [
            "contemporary country",
            "country pop"
        ],
        "followers": 78968
    },
    "5lRB3MAJfKzlt7dgYMHWgY": {
        "artist_id": "5lRB3MAJfKzlt7dgYMHWgY",
        "name": "Dylan Schneider",
        "genres": [
            "contemporary country",
            "country pop",
            "country road",
            "modern country rock"
        ],
        "followers": 98909
    },
    "0ZED1XzwlLHW4ZaG4lOT6m": {
        "artist_id": "0ZED1XzwlLHW4ZaG4lOT6m",
        "name": "Julia Michaels",
        "genres": [
            "dance pop",
            "electropop",
            "pop",
            "post-teen pop"
        ],
        "followers": 2753594
    },
    "3u579Gdap91lMptBSdXTpf": {
        "artist_id": "3u579Gdap91lMptBSdXTpf",
        "name": "Kash Doll",
        "genres": [
            "deep pop r&b",
            "detroit hip hop",
            "hip pop",
            "trap queen"
        ],
        "followers": 478956
    },
    "0vWCyXMrrvMlCcepuOJaGI": {
        "artist_id": "0vWCyXMrrvMlCcepuOJaGI",
        "name": "Boys Like Girls",
        "genres": [
            "neo mellow",
            "neon pop punk",
            "pop punk",
            "pop rock",
            "post-teen pop"
        ],
        "followers": 843565
    },
    "39NR3AUhpbbqKM33vWn2fp": {
        "artist_id": "39NR3AUhpbbqKM33vWn2fp",
        "name": "Brothers Osborne",
        "genres": [
            "contemporary country",
            "country",
            "country road",
            "modern country rock",
            "modern southern rock"
        ],
        "followers": 632199
    },
    "1p6CdzJRoicjRcSdWoB9Qc": {
        "artist_id": "1p6CdzJRoicjRcSdWoB9Qc",
        "name": "Mitchell Tenpenny",
        "genres": [
            "contemporary country",
            "heartland rock"
        ],
        "followers": 133302
    }
}