{
    "246dkjvS1zLTtiykXe5h60": [
        "7iZtZyCzp3LItcw1wtPI3D",
        "6extd4B6hl8VTmnlhpl2bY",
        "7d3WFRME3vBY2cgoP38RDo",
        "6oMuImdp5ZcFhWP0ESe6mG",
        "7rkW85dBwwrJtlHRDkJDAC",
        "4IVAbR2w4JJNJDDRFP3E83",
        "0iEtIxbK0KxaSlF7G42ZOp",
        "6PXS4YHDkKvl1wkIl4V8DL",
        "6i392l38cR3uBPF0DbNs7S",
        "1MXZ0hsGic96dWRDKwAwdr",
        "5CiGnKThu5ctn9pBxv7DGa",
        "50co4Is1HCEo8bhOyUWKpn",
        "1ShZZUjkbXCjhwrb18BA8I",
        "0c173mlxpT3dSFRgMO8XPh",
        "6icQOAFXDZKsumw3YXyusw",
        "4GvEc3ANtPPjt1ZJllr5Zl",
        "0xOeVMOz2fVg5BJY3N6akT",
        "0VRj0yCOv2FXJNP47XQnx5",
        "02kJSzxNuaWGqwubyUba0Z",
        "6vXTefBL93Dj5IqAWq6OTv"
    ],
    "66CXWjxzNUsdJxJ2JdwvnR": [
        "4nDoRrQiYLoBzwC5BhVJzF",
        "1l8Fu6IkuTP0U5QetQJ5Xt",
        "0C8ZW7ezQVs4URX5aX7Kqx",
        "2wUjUUtkb5lvLKcGKsKqsR",
        "6S2OmqARrzebs0tKUEyXyp",
        "5ZsFI1h6hIdQRw2ti0hz81",
        "5p7f24Rk5HkUZsaS3BLG5F",
        "1o2NpYGqHiCq7FoiYdyd1x",
        "1Xylc3o4UrD53lo9CvFvVg",
        "5YGY8feqx7naU7z4HrwZM6",
        "2kRfqPViCqYdSGhYSM9R0Q",
        "3e7awlrlDSwF3iM0WBjGMp",
        "0ZED1XzwlLHW4ZaG4lOT6m",
        "26VFTg2z8YR0cCuwLzESi2",
        "6dJeKm76NjfXBNTpHmOhfO",
        "6M2wZ9GZgrQXHCFfjv46we",
        "0NIIxcxNHmOoyBx03SfTCD",
        "6JL8zeS1NmiOftqZTRgdTz",
        "0hCNtLu0JehylgoiP8L4Gh",
        "5CCwRZC6euC8Odo6y9X8jr"
    ],
    "718COspgdWOnwOFpJHRZHS": [
        "78YqeIji3mgAS2K1Maca6x",
        "77kULmXAQ6vWer7IIHdGzI",
        "3oSJ7TBVCWMDMiYjXNiCKE",
        "4oUHIQIBe0LHzYfvXNW4QM",
        "6ghiFYcwn2Vzl6K50U0UPz",
        "7z5WFjZAIYejWy0NI5lv4T",
        "7lDVEkjIURPMyUYwoQRrpw",
        "5lRB3MAJfKzlt7dgYMHWgY",
        "2dEZtPJFspWetycGtouit2",
        "2ySHS7UojGu20XfUPaBlyu",
        "39NR3AUhpbbqKM33vWn2fp",
        "1mfDfLsMxYcOOZkzBxvSVW",
        "6y8XlgIV8BLlIg1tT1R10i",
        "34bhyY8jfKez7uKakMfy4y",
        "54lUDwCk35ihJuK3yJCqHA",
        "2lRH2dgU5Kk4Bc5phmII4T",
        "1p6CdzJRoicjRcSdWoB9Qc",
        "4BANbHDs1IluagTx5eRW2P",
        "68abRTdO4meYReMWHvBYb0",
        "1dID9zgn0OV0Y8ud7Mh2tS"
    ],
    "4kYSro6naA4h99UJvo89HB": [
        "7DuTB6wdzqFJGFLSH17k8e",
        "181bsRPaVXVlUKXrxwZfHK",
        "3u579Gdap91lMptBSdXTpf",
        "4udfTw7V8jI4AHi7PEfJfj",
        "7Gkyjs2OYQpJdOvvmwIz2Z",
        "2ExGrw6XpbtUAJHTLtUXUD",
        "7gWumE1wMALHXANLSIt054",
        "37hAfseJWi0G3Scife12Il",
        "0hCNtLu0JehylgoiP8L4Gh",
        "4PrinKSrmILmo0kERG0Ogn",
        "5yG7ZAZafVaAlMTeBybKAL",
        "32DuKytBMZn90iqyh2HEdc",
        "3uihH9rY2n7IgCkO0Rjbe1",
        "4ULO7IGI3M2bo0Ap7B9h8a",
        "4fpTMHe34LC5t3h5ztK8qu",
        "0NIIxcxNHmOoyBx03SfTCD",
        "6cK3NBO6uP7hh0oyuVELFl",
        "2NdeV5rLm47xAvogXrYhJX",
        "5tth2a3v0sWwV1C7bApBdX",
        "0XIKGBo9PnK1ApI5tZA60d"
    ],
    "20JZFwl6HVl6yg8a4H3ZqK": [
        "4UXqAaa6dQYAk18Lv7PEgX",
        "0Raaw7kr1Vzat4ZvHzjsJR",
        "46gyXjRIvN1NL1eCB8GBxo",
        "7FBcuc1gsnv6Y1nwFtNRCb",
        "3ao3jf5d70Tf4fPh2bnXVl",
        "3vAaWhdBR38Q02ohXqaNHT",
        "3WfJ1OtrWI7RViX9DMyEGy",
        "09J4zbHHwNNlN2tfgJIg21",
        "4o0pNHbyj36LPvukNqEug0",
        "2C2sVVXanbOpymYBMpsi89",
        "4YZ5ECfbM2xSTSQTJGBbO5",
        "74XFHRwlV6OrjEM0A2NCMF",
        "0vWCyXMrrvMlCcepuOJaGI",
        "68EB3QvNdVLkC7SAgDbHIR",
        "1kNQXvepPjaPgUfeDAF2h6",
        "06bDwgCHeMAwhgI8il4Y5k",
        "0FWzNDaEu9jdgcYTbcOa4F",
        "0hAd6zwEgt9ILuMDY1prcI",
        "2CmaKO2zEGJ1NWpS1yfVGz",
        "4iJLPqClelZOBCBifm8Fzv"
    ]
}