{
    "246dkjvS1zLTtiykXe5h60": [
        "7iZtZyCzp3LItcw1wtPI3D",
        "6extd4B6hl8VTmnlhpl2bY",
        "7d3WFRME3vBY2cgoP38RDo",
        "6oMuImdp5ZcFhWP0ESe6mG",
        "7rkW85dBwwrJtlHRDkJDAC",
        "4IVAbR2w4JJNJDDRFP3E83",
        "0iEtIxbK0KxaSlF7G42ZOp",
        "6PXS4YHDkKvl1wkIl4V8DL",
        "21WS9wngs9AqFckK7yYJPM",
        "6i392l38cR3uBPF0DbNs7S",
        "1MXZ0hsGic96dWRDKwAwdr",
        "5CiGnKThu5ctn9pBxv7DGa",
        "6vXTefBL93Dj5IqAWq6OTv",
        "1ShZZUjkbXCjhwrb18BA8I",
        "0c173mlxpT3dSFRgMO8XPh",
        "50co4Is1HCEo8bhOyUWKpn",
        "6icQOAFXDZKsumw3YXyusw",
        "4GvEc3ANtPPjt1ZJllr5Zl",
        "0xOeVMOz2fVg5BJY3N6akT",
        "0VRj0yCOv2FXJNP47XQnx5"
    ],
    "66CXWjxzNUsdJxJ2JdwvnR": [
        "4nDoRrQiYLoBzwC5BhVJzF",
        "1l8Fu6IkuTP0U5QetQJ5Xt",
        "0C8ZW7ezQVs4URX5aX7Kqx",
        "6S2OmqARrzebs0tKUEyXyp",
        "5ZsFI1h6hIdQRw2ti0hz81",
        "2wUjUUtkb5lvLKcGKsKqsR",
        "5p7f24Rk5HkUZsaS3BLG5F",
        "1o2NpYGqHiCq7FoiYdyd1x",
        "1Xylc3o4UrD53lo9CvFvVg",
        "5YGY8feqx7naU7z4HrwZM6",
        "2kRfqPViCqYdSGhYSM9R0Q",
        "3e7awlrlDSwF3iM0WBjGMp",
        "0ZED1XzwlLHW4ZaG4lOT6m",
        "26VFTg2z8YR0cCuwLzESi2",
        "6dJeKm76NjfXBNTpHmOhfO",
        "6M2wZ9GZgrQXHCFfjv46we",
        "6JL8zeS1NmiOftqZTRgdTz",
        "0NIIxcxNHmOoyBx03SfTCD",
        "0hCNtLu0JehylgoiP8L4Gh",
        "5CCwRZC6euC8Odo6y9X8jr"
    ],
    "718COspgdWOnwOFpJHRZHS": [
        "78YqeIji3mgAS2K1Maca6x",
        "77kULmXAQ6vWer7IIHdGzI",
        "3oSJ7TBVCWMDMiYjXNiCKE",
        "4oUHIQIBe0LHzYfvXNW4QM",
        "6ghiFYcwn2Vzl6K50U0UPz",
        "7z5WFjZAIYejWy0NI5lv4T",
        "7lDVEkjIURPMyUYwoQRrpw",
        "2dEZtPJFspWetycGtouit2",
        "5lRB3MAJfKzlt7dgYMHWgY",
        "2ySHS7UojGu20XfUPaBlyu",
        "39NR3AUhpbbqKM33vWn2fp",
        "1mfDfLsMxYcOOZkzBxvSVW",
        "6y8XlgIV8BLlIg1tT1R10i",
        "34bhyY8jfKez7uKakMfy4y",
        "54lUDwCk35ihJuK3yJCqHA",
        "2lRH2dgU5Kk4Bc5phmII4T",
        "1p6CdzJRoicjRcSdWoB9Qc",
        "4BANbHDs1IluagTx5eRW2P",
        "68abRTdO4meYReMWHvBYb0",
        "1dID9zgn0OV0Y8ud7Mh2tS"
    ],
    "4kYSro6naA4h99UJvo89HB": [
        "7DuTB6wdzqFJGFLSH17k8e",
        "181bsRPaVXVlUKXrxwZfHK",
        "3u579Gdap91lMptBSdXTpf",
        "4udfTw7V8jI4AHi7PEfJfj",
        "7Gkyjs2OYQpJdOvvmwIz2Z",
        "2ExGrw6XpbtUAJHTLtUXUD",
        "7gWumE1wMALHXANLSIt054",
        "37hAfseJWi0G3Scife12Il",
        "0hCNtLu0JehylgoiP8L4Gh",
        "5yG7ZAZafVaAlMTeBybKAL",
        "4PrinKSrmILmo0kERG0Ogn",
        "32DuKytBMZn90iqyh2HEdc",
        "3uihH9rY2n7IgCkO0Rjbe1",
        "4ULO7IGI3M2bo0Ap7B9h8a",
        "4fpTMHe34LC5t3h5ztK8qu",
        "0NIIxcxNHmOoyBx03SfTCD",
        "6cK3NBO6uP7hh0oyuVELFl",
        "2NdeV5rLm47xAvogXrYhJX",
        "1vfezMIyCr4XUdYRaKIKi3",
        "5tth2a3v0sWwV1C7bApBdX"
    ],
    "20JZFwl6HVl6yg8a4H3ZqK": [
        "4UXqAaa6dQYAk18Lv7PEgX",
        "0Raaw7kr1Vzat4ZvHzjsJR",
        "46gyXjRIvN1NL1eCB8GBxo",
        "7FBcuc1gsnv6Y1nwFtNRCb",
        "3ao3jf5d70Tf4fPh2bnXVl",
        "3vAaWhdBR38Q02ohXqaNHT",
        "3WfJ1OtrWI7RViX9DMyEGy",
        "09J4zbHHwNNlN2tfgJIg21",
        "4o0pNHbyj36LPvukNqEug0",
        "2C2sVVXanbOpymYBMpsi89",
        "4YZ5ECfbM2xSTSQTJGBbO5",
        "74XFHRwlV6OrjEM0A2NCMF",
        "0vWCyXMrrvMlCcepuOJaGI",
        "68EB3QvNdVLkC7SAgDbHIR",
        "1kNQXvepPjaPgUfeDAF2h6",
        "06bDwgCHeMAwhgI8il4Y5k",
        "0FWzNDaEu9jdgcYTbcOa4F",
        "0hAd6zwEgt9ILuMDY1prcI",
        "2CmaKO2zEGJ1NWpS1yfVGz",
        "4iJLPqClelZOBCBifm8Fzv"
    ],
    "7iZtZyCzp3LItcw1wtPI3D": [
        "7pFeBzX627ff0VnN6bxPR4",
        "6extd4B6hl8VTmnlhpl2bY",
        "0NWbwDZY1VkRqFafuQm6wk",
        "1zNqQNIdeOUZHb8zbZRFMX",
        "7yO4IdJjCEPz7YgZMe25iS",
        "6i392l38cR3uBPF0DbNs7S",
        "0VRj0yCOv2FXJNP47XQnx5",
        "6oMuImdp5ZcFhWP0ESe6mG",
        "0WOxhx4hikIsyF3CRPLC8W",
        "3EW0kQ1skZiK1NHg3Spt9J",
        "4TEJudQY2pXxVHPE3gD2EU",
        "6icQOAFXDZKsumw3YXyusw",
        "2I9SLklAOG0vdMiUUMNxRl",
        "0A0FS04o6zMoto8OKPsDwY",
        "50co4Is1HCEo8bhOyUWKpn",
        "6PXS4YHDkKvl1wkIl4V8DL",
        "0iEtIxbK0KxaSlF7G42ZOp",
        "1pPmIToKXyGdsCF6LmqLmI",
        "7rkW85dBwwrJtlHRDkJDAC",
        "7CCjtD0hCK005Bvg2WG1a7"
    ],
    "6extd4B6hl8VTmnlhpl2bY": [
        "6i392l38cR3uBPF0DbNs7S",
        "7pFeBzX627ff0VnN6bxPR4",
        "2I9SLklAOG0vdMiUUMNxRl",
        "0NWbwDZY1VkRqFafuQm6wk",
        "0VRj0yCOv2FXJNP47XQnx5",
        "4TEJudQY2pXxVHPE3gD2EU",
        "7yO4IdJjCEPz7YgZMe25iS",
        "2RDOrhPqAM4jzTRCEb19qX",
        "0iEtIxbK0KxaSlF7G42ZOp",
        "7iZtZyCzp3LItcw1wtPI3D",
        "6icQOAFXDZKsumw3YXyusw",
        "3EW0kQ1skZiK1NHg3Spt9J",
        "0WOxhx4hikIsyF3CRPLC8W",
        "7rkW85dBwwrJtlHRDkJDAC",
        "6oMuImdp5ZcFhWP0ESe6mG",
        "3yvCFkK57FXH7JIwZQ5CmU",
        "2J0JN7EFN10G1Tty6hX0AN",
        "1pPmIToKXyGdsCF6LmqLmI",
        "1URnnhqYAYcrqrcwql10ft",
        "2HO2kO7O5gEnM91dhobllP"
    ],
    "7d3WFRME3vBY2cgoP38RDo": [
        "61qMnYXa1GxSBoV3IiYKjZ",
        "1iJdyDcY98X3GMnUesl7tf",
        "04ei5kNgmDuNAydFhhIHnD",
        "0gCGZZ1Ibo5QsOnll977PD",
        "3EIX8WuD9ybB4ruz0MSilB",
        "7rkW85dBwwrJtlHRDkJDAC",
        "3gGUMEwIX6XodWsYEvKSal",
        "5zctI4wO9XSKS8XwcnqEHk",
        "2tIP7SsRs7vjIcLrU85W8J",
        "6Xgp2XMz1fhVYe7i6yNAax",
        "3Ps6le7tj5BdNtdnfNgTU4",
        "6AUl0ykLLpvTktob97x9hO",
        "6WkUZyqghQei2G809wMKuZ",
        "1MXZ0hsGic96dWRDKwAwdr",
        "0WOxhx4hikIsyF3CRPLC8W",
        "2HWXxzgBIr0RMSZmvMZeJU",
        "5lCY3tqdQxbeg5igSlObaT",
        "6icQOAFXDZKsumw3YXyusw",
        "2ODbg2404zUzTi02qIPEjB",
        "2HUwZ0kumzCSlhFcjFZfpp"
    ],
    "6oMuImdp5ZcFhWP0ESe6mG": [
        "3uJx5SnOM59Li7lCxA3b29",
        "0VRj0yCOv2FXJNP47XQnx5",
        "7iZtZyCzp3LItcw1wtPI3D",
        "50co4Is1HCEo8bhOyUWKpn",
        "7yO4IdJjCEPz7YgZMe25iS",
        "7pFeBzX627ff0VnN6bxPR4",
        "3EW0kQ1skZiK1NHg3Spt9J",
        "46SHBwWsqBkxI7EeeBEQG7",
        "6extd4B6hl8VTmnlhpl2bY",
        "6i392l38cR3uBPF0DbNs7S",
        "0A0FS04o6zMoto8OKPsDwY",
        "7CCjtD0hCK005Bvg2WG1a7",
        "3wyVrVrFCkukjdVIdirGVY",
        "1URnnhqYAYcrqrcwql10ft",
        "0WOxhx4hikIsyF3CRPLC8W",
        "7rkW85dBwwrJtlHRDkJDAC",
        "4TEJudQY2pXxVHPE3gD2EU",
        "4O15NlyKLIASxsJ0PrXPfz",
        "6icQOAFXDZKsumw3YXyusw",
        "2I9SLklAOG0vdMiUUMNxRl"
    ],
    "7rkW85dBwwrJtlHRDkJDAC": [
        "4ke9HXbejpYVMhbOjSa4le",
        "3uJx5SnOM59Li7lCxA3b29",
        "4Gso3d4CscCijv0lmajZWs",
        "6icQOAFXDZKsumw3YXyusw",
        "2HUwZ0kumzCSlhFcjFZfpp",
        "7d3WFRME3vBY2cgoP38RDo",
        "46SHBwWsqBkxI7EeeBEQG7",
        "2I9SLklAOG0vdMiUUMNxRl",
        "6JvU33PZ8MtZyeFTESr09O",
        "2hlmm7s2ICUX0LVIhVFlZQ",
        "1URnnhqYAYcrqrcwql10ft",
        "0VRj0yCOv2FXJNP47XQnx5",
        "699OTQXzgjhIYAHMy9RyPD",
        "4isewEHTP7Az2QheDdBQ6J",
        "6Xgp2XMz1fhVYe7i6yNAax",
        "0iEtIxbK0KxaSlF7G42ZOp",
        "3gGUMEwIX6XodWsYEvKSal",
        "0gCGZZ1Ibo5QsOnll977PD",
        "31W5EY0aAly4Qieq6OFu6I",
        "7yO4IdJjCEPz7YgZMe25iS"
    ],
    "4IVAbR2w4JJNJDDRFP3E83": [
        "4HzKw8XcD0piJmDrrPRCYk",
        "4W49e48G0gg1pucAN6JiGH",
        "7mDU6nMUJnOSY2Hkjz5oqM",
        "6g8AmloI8egfrr3dm3SnUL",
        "2HPaUgqeutzr3jx5a9WyDV",
        "2EMAnMvWE2eb56ToJVfCWs",
        "5YHM0i7v5TqqibZhS0YiuX",
        "7e1ICztHM2Sc4JNLxeMXYl",
        "3tlXnStJ1fFhdScmQeLpuG",
        "0pghUohLPptZWBasy2wmUx",
        "1ZilzPhvZhYUCSGczNRlyt",
        "2I9SLklAOG0vdMiUUMNxRl",
        "6G1yTgvoYsuVb2Ja8cVVJ2",
        "3Y7RZ31TRPVadSFVy1o8os",
        "3QTDHixorJelOLxoxcjqGx",
        "27w1NoOLMX7tJMYqcetPyG",
        "21WS9wngs9AqFckK7yYJPM",
        "360IAlyVv4PCEVjgyMZrxK",
        "08v1r0jqDyvSo2LtSqHxcy",
        "5gsyao2Qm21EKylbVIuRQ3"
    ],
    "0iEtIxbK0KxaSlF7G42ZOp": [
        "0VRj0yCOv2FXJNP47XQnx5",
        "1URnnhqYAYcrqrcwql10ft",
        "2RDOrhPqAM4jzTRCEb19qX",
        "3EW0kQ1skZiK1NHg3Spt9J",
        "4Gso3d4CscCijv0lmajZWs",
        "6extd4B6hl8VTmnlhpl2bY",
        "7rkW85dBwwrJtlHRDkJDAC",
        "4ke9HXbejpYVMhbOjSa4le",
        "7GuUYiGZOzQwq4L6gAfy1T",
        "2hlmm7s2ICUX0LVIhVFlZQ",
        "5yPzzu25VzEk8qrGTLIrE1",
        "46SHBwWsqBkxI7EeeBEQG7",
        "2I9SLklAOG0vdMiUUMNxRl",
        "3uJx5SnOM59Li7lCxA3b29",
        "5f7VJjfbwm532GiveGC0ZK",
        "699OTQXzgjhIYAHMy9RyPD",
        "4TEJudQY2pXxVHPE3gD2EU",
        "6oMuImdp5ZcFhWP0ESe6mG",
        "50co4Is1HCEo8bhOyUWKpn",
        "4O15NlyKLIASxsJ0PrXPfz"
    ],
    "6PXS4YHDkKvl1wkIl4V8DL": [
        "0NWbwDZY1VkRqFafuQm6wk",
        "7kFfY4UjNdNyaeUgLIEbIF",
        "7pFeBzX627ff0VnN6bxPR4",
        "7iZtZyCzp3LItcw1wtPI3D",
        "6KZDXtSj0SzGOV705nNeh3",
        "1Zatb2YN4erBOoSivOXc0o",
        "6d47Z08T4snK50HgTEHo5Z",
        "21WS9wngs9AqFckK7yYJPM",
        "5lHRUCqkQZCIWeX7xG4sYT",
        "5Berubt6ysOy2LCMyqhmXP",
        "7c0XG5cIJTrrAgEC3ULPiq",
        "5bgfj5zUoWpyeVatGDjn6H",
        "6icQOAFXDZKsumw3YXyusw",
        "6AUl0ykLLpvTktob97x9hO",
        "6f4XkbvYlXMH0QgVRzW0sM",
        "7rkW85dBwwrJtlHRDkJDAC",
        "6GMYJwaziB4ekv1Y6wCDWS",
        "3KuLo66B73btyQpdXlkqFx",
        "0YinUQ50QDB7ZxSCLyQ40k",
        "2EMAnMvWE2eb56ToJVfCWs"
    ],
    "21WS9wngs9AqFckK7yYJPM": [
        "6AUl0ykLLpvTktob97x9hO",
        "4IprNlQiJZUUJhDl0fL2SL",
        "7meyrw7Or5DwteYxDJrkCM",
        "4isewEHTP7Az2QheDdBQ6J",
        "7wlFDEWiM5OoIAt8RSli8b",
        "3KNIG74xSTc3dj0TRy7pGX",
        "7rkW85dBwwrJtlHRDkJDAC",
        "7LvoDJUNGnOrPdGRzVtOJ9",
        "5Berubt6ysOy2LCMyqhmXP",
        "3KuLo66B73btyQpdXlkqFx",
        "65rDIPdQD7ijLSOq32cMXo",
        "1DvtabXAjfrMihPP6JQdHs",
        "3gGUMEwIX6XodWsYEvKSal",
        "7mDU6nMUJnOSY2Hkjz5oqM",
        "3tJoFztHeIJkJWMrx0td2f",
        "3hcs9uc56yIGFCSy9leWe7",
        "392I9I5QMSyoA0FmI5pVfx",
        "6JvU33PZ8MtZyeFTESr09O",
        "2HUwZ0kumzCSlhFcjFZfpp",
        "7kwCkEJ384PWm0UQW3hxjS"
    ],
    "6i392l38cR3uBPF0DbNs7S": [
        "4TEJudQY2pXxVHPE3gD2EU",
        "6extd4B6hl8VTmnlhpl2bY",
        "1pPmIToKXyGdsCF6LmqLmI",
        "6icQOAFXDZKsumw3YXyusw",
        "3Fdm9TFJQCLmC3AWMuGExi",
        "0VRj0yCOv2FXJNP47XQnx5",
        "6JvU33PZ8MtZyeFTESr09O",
        "0WOxhx4hikIsyF3CRPLC8W",
        "2I9SLklAOG0vdMiUUMNxRl",
        "6AUl0ykLLpvTktob97x9hO",
        "6WkUZyqghQei2G809wMKuZ",
        "2J0JN7EFN10G1Tty6hX0AN",
        "2HWXxzgBIr0RMSZmvMZeJU",
        "2ODbg2404zUzTi02qIPEjB",
        "2hlmm7s2ICUX0LVIhVFlZQ",
        "3uJx5SnOM59Li7lCxA3b29",
        "3EW0kQ1skZiK1NHg3Spt9J",
        "7rkW85dBwwrJtlHRDkJDAC",
        "3tJoFztHeIJkJWMrx0td2f",
        "0NWbwDZY1VkRqFafuQm6wk"
    ],
    "1MXZ0hsGic96dWRDKwAwdr": [
        "04ei5kNgmDuNAydFhhIHnD",
        "1zNqQNIdeOUZHb8zbZRFMX",
        "0GeeIVcvGA8GSlWsoY1dkG",
        "0H39MdGGX6dbnnQPt6NQkZ",
        "4isewEHTP7Az2QheDdBQ6J",
        "2I9SLklAOG0vdMiUUMNxRl",
        "2HUwZ0kumzCSlhFcjFZfpp",
        "0JOxt5QOwq0czoJxvSc5hS",
        "7d3WFRME3vBY2cgoP38RDo",
        "6fWVd57NKTalqvmjRd2t8Z",
        "08v1r0jqDyvSo2LtSqHxcy",
        "0gCGZZ1Ibo5QsOnll977PD",
        "7mDU6nMUJnOSY2Hkjz5oqM",
        "7rkW85dBwwrJtlHRDkJDAC",
        "6ASri4ePR7RlsvIQgWPJpS",
        "1lzugG0lqNh9nP6Fp2zG3c",
        "61qMnYXa1GxSBoV3IiYKjZ",
        "6AUl0ykLLpvTktob97x9hO",
        "5zctI4wO9XSKS8XwcnqEHk",
        "3hOdow4ZPmrby7Q1wfPLEy"
    ],
    "5CiGnKThu5ctn9pBxv7DGa": [
        "6dn6x1XOng3LOAnfTjUn77",
        "7DMveApC7UnC2NPfPvlHSU",
        "6t1gpxYbY8OlLA7D2RiikQ",
        "3hyEbRtp617pNCuuQjyOmc",
        "6YxrfNCKBcQlbITpmDLErL",
        "5jAMCwdNHWr7JThxtMuEyy",
        "61qMnYXa1GxSBoV3IiYKjZ",
        "04ei5kNgmDuNAydFhhIHnD",
        "2tIP7SsRs7vjIcLrU85W8J",
        "4GvEc3ANtPPjt1ZJllr5Zl",
        "5xkAtLTf309LAGZTbvULBn",
        "5Y8eJDj37KhaEeqbVO7Ag1",
        "4ehtJnVumNf6xzSCDk8aLB",
        "5i4BaWy8YIun1u3RXwmlWn",
        "4V2pR2iSd1g0RZCglrP3jn",
        "2ZRQcIgzPCVaT9XKhXZIzh",
        "2jnIB6XdLvnJUeNTy5A0J2",
        "4qBgvVog0wzW75IQ48mU7v",
        "1MXZ0hsGic96dWRDKwAwdr",
        "6ASri4ePR7RlsvIQgWPJpS"
    ],
    "6vXTefBL93Dj5IqAWq6OTv": [
        "20sxb77xiYeusSH8cVdatc",
        "6AMa1VFQ7qCi61tCRtVWXe",
        "7f35VZGDpomj11PXdNn5D9",
        "1sBkRIssrMs1AbVkOJbc7a",
        "5oNgAs7j5XcBMzWv3HAnHG",
        "0YWxKQj2Go9CGHCp77UOyy",
        "6f4XkbvYlXMH0QgVRzW0sM",
        "6Uh8uJyN9g7oFjDK16nJgb",
        "6KZDXtSj0SzGOV705nNeh3",
        "31HjiqargV4NAw4GZqUale",
        "5gCRApTajqwbnHHPbr2Fpi",
        "6Ha4aES39QiVjR0L2lwuwq",
        "3kortApcf0ntRWexUkJE4H",
        "5OrB6Jhhrl9y2PK0pSV4VP",
        "67nwj3Y5sZQLl72VNUHEYE",
        "17lzZA2AlOHwCwFALHttmp",
        "0NWbwDZY1VkRqFafuQm6wk",
        "3vDUJHQtqT3jFRZ2ECXDTi",
        "0QHgL1lAIqAw0HtD7YldmP",
        "0EeQBlQJFiAfJeVN2vT9s0"
    ],
    "1ShZZUjkbXCjhwrb18BA8I": [
        "5i4BaWy8YIun1u3RXwmlWn",
        "2o8lOQRjzsSC8UdbNN88HN",
        "5vGXVYudNgm9E7jhXMM0Ro",
        "50JJSqHUf2RQ9xsHs0KMHg",
        "6dC0rIJNLSFZwqckLgXJ8p",
        "3ApUX1o6oSz321MMECyIYd",
        "00Z3UDoAQwzvGu13HoAM7J",
        "0wNuUG1alVKXEEiwEypprs",
        "7naAJDAh7AZnf18YYfQruM",
        "1PDE2MIJ4M6uvFJDrslazf",
        "787bCXOIvGeBw0Bc4kEjhD",
        "5Vu87j6vCvfwc7FNVGnBwk",
        "5G9kmDLg3OeUyj8KVBLzbu",
        "2tmWjaROlvLpahIZcvPLwi",
        "3gIRvgZssIb9aiirIg0nI3",
        "5ghnxpW47ojtLHHyTLdxdY",
        "1S9WGrK7SZfXXQtHBYzDle",
        "1gUi2utSbJLNPddYENJAp4",
        "5mYS4mPFCpxvQwGU8rT43a",
        "20WmX0l9JgOpehDOAXY6iO"
    ],
    "0c173mlxpT3dSFRgMO8XPh": [
        "67nwj3Y5sZQLl72VNUHEYE",
        "17lzZA2AlOHwCwFALHttmp",
        "1sBkRIssrMs1AbVkOJbc7a",
        "5OrB6Jhhrl9y2PK0pSV4VP",
        "5IcR3N7QB1j6KBL8eImZ8m",
        "6f4XkbvYlXMH0QgVRzW0sM",
        "6l3HvQ5sa6mXTsMTB19rO5",
        "20sxb77xiYeusSH8cVdatc",
        "28ExwzUQsvgJooOI0X1mr3",
        "3KV3p5EY4AvKxOlhGHORLg",
        "0ONHkAv9pCAFxb0zJwDNTy",
        "7c0XG5cIJTrrAgEC3ULPiq",
        "5gCRApTajqwbnHHPbr2Fpi",
        "0NWbwDZY1VkRqFafuQm6wk",
        "0A0FS04o6zMoto8OKPsDwY",
        "31HjiqargV4NAw4GZqUale",
        "6vXTefBL93Dj5IqAWq6OTv",
        "27w1NoOLMX7tJMYqcetPyG",
        "5oNgAs7j5XcBMzWv3HAnHG",
        "6KZDXtSj0SzGOV705nNeh3"
    ],
    "50co4Is1HCEo8bhOyUWKpn": [
        "3uJx5SnOM59Li7lCxA3b29",
        "0VRj0yCOv2FXJNP47XQnx5",
        "3EW0kQ1skZiK1NHg3Spt9J",
        "4ke9HXbejpYVMhbOjSa4le",
        "7yO4IdJjCEPz7YgZMe25iS",
        "7rkW85dBwwrJtlHRDkJDAC",
        "4Gso3d4CscCijv0lmajZWs",
        "1URnnhqYAYcrqrcwql10ft",
        "0iEtIxbK0KxaSlF7G42ZOp",
        "6icQOAFXDZKsumw3YXyusw",
        "699OTQXzgjhIYAHMy9RyPD",
        "2hlmm7s2ICUX0LVIhVFlZQ",
        "6extd4B6hl8VTmnlhpl2bY",
        "6oMuImdp5ZcFhWP0ESe6mG",
        "7iZtZyCzp3LItcw1wtPI3D",
        "0WOxhx4hikIsyF3CRPLC8W",
        "46SHBwWsqBkxI7EeeBEQG7",
        "2I9SLklAOG0vdMiUUMNxRl",
        "21dooacK2WGBB5amYvKyfM",
        "6Xgp2XMz1fhVYe7i6yNAax"
    ],
    "6icQOAFXDZKsumw3YXyusw": [
        "2ODbg2404zUzTi02qIPEjB",
        "1iJdyDcY98X3GMnUesl7tf",
        "3Fdm9TFJQCLmC3AWMuGExi",
        "3gGUMEwIX6XodWsYEvKSal",
        "3O7mUqVuHmLJqHXbFiQY62",
        "0WOxhx4hikIsyF3CRPLC8W",
        "6WkUZyqghQei2G809wMKuZ",
        "7GuUYiGZOzQwq4L6gAfy1T",
        "5yPzzu25VzEk8qrGTLIrE1",
        "7yO4IdJjCEPz7YgZMe25iS",
        "3TKCdsX8yNNoiC1gesn6or",
        "2RDOrhPqAM4jzTRCEb19qX",
        "6xS5PpBWaVYraexEkEjjXv",
        "6FqXAd1hQl7vVdIQ3hhtgc",
        "6i392l38cR3uBPF0DbNs7S",
        "0bZ9jANLkwEFVcSnHnwrpb",
        "3x3jSlhyv5CiCZDZlaTq0M",
        "4TEJudQY2pXxVHPE3gD2EU",
        "2HWXxzgBIr0RMSZmvMZeJU",
        "3wyVrVrFCkukjdVIdirGVY"
    ],
    "4GvEc3ANtPPjt1ZJllr5Zl": [
        "2kRfqPViCqYdSGhYSM9R0Q",
        "6LuN9FCkKOj5PcnpouEgny",
        "5Y8eJDj37KhaEeqbVO7Ag1",
        "5ZsFI1h6hIdQRw2ti0hz81",
        "1o2NpYGqHiCq7FoiYdyd1x",
        "1QRj3hoop9Mv5VvHQkwPEp",
        "1INuLZXjjVbcJRyWvD1iSq",
        "0ZED1XzwlLHW4ZaG4lOT6m",
        "5CiGnKThu5ctn9pBxv7DGa",
        "5xkAtLTf309LAGZTbvULBn",
        "5JMLG56F1X5mFmWNmS0iAp",
        "1Hsdzj7Dlq2I7tHP7501T4",
        "2jnIB6XdLvnJUeNTy5A0J2",
        "45dkTj5sMRSjrmBSBeiHym",
        "3WGpXCj9YhhfX11TToZcXP",
        "3KedxarmBCyFBevnqQHy3P",
        "5qa31A9HySw3T7MKWI9bGg",
        "2wUjUUtkb5lvLKcGKsKqsR",
        "3tQx1LPXbsYjE9VwN1Peaa",
        "1bqxdqvUtPWZri43cKHac8"
    ],
    "0xOeVMOz2fVg5BJY3N6akT": [
        "3Gm5F95VdRxW3mqCn8RPBJ",
        "6I3MElirhT5t6Kf7p0hGk9",
        "7kIbB1pdDyehFj8aNgfzfH",
        "7Hjbimq43OgxaBRpFXic4x",
        "0pghUohLPptZWBasy2wmUx",
        "5BhFZpE8kUGZJiKOsYjLQM",
        "5XenQ7XfcvQdfIbpLEFaKQ",
        "2hPgGN4uhvXAxiXQBIXOmE",
        "12Zk1DFhCbHY6v3xep2ZjI",
        "5XQRfs0gXs30aWUn1Umves",
        "2RDOrhPqAM4jzTRCEb19qX",
        "29Oq9Nv8zLgu3IvX1tIpbm",
        "4T8NIfZmVY6TJFqVzN6X49",
        "6extd4B6hl8VTmnlhpl2bY",
        "7mDU6nMUJnOSY2Hkjz5oqM",
        "2IDLDx25HU1nQMKde4n61a",
        "5MbNzCW3qokGyoo9giHA3V",
        "1Bl6wpkWCQ4KVgnASpvzzA",
        "07EcmJpfAday8xGkslfanE",
        "7yO4IdJjCEPz7YgZMe25iS"
    ],
    "0VRj0yCOv2FXJNP47XQnx5": [
        "0iEtIxbK0KxaSlF7G42ZOp",
        "3EW0kQ1skZiK1NHg3Spt9J",
        "2I9SLklAOG0vdMiUUMNxRl",
        "2RDOrhPqAM4jzTRCEb19qX",
        "6i392l38cR3uBPF0DbNs7S",
        "6extd4B6hl8VTmnlhpl2bY",
        "1URnnhqYAYcrqrcwql10ft",
        "6JvU33PZ8MtZyeFTESr09O",
        "4Gso3d4CscCijv0lmajZWs",
        "50co4Is1HCEo8bhOyUWKpn",
        "7rkW85dBwwrJtlHRDkJDAC",
        "6oMuImdp5ZcFhWP0ESe6mG",
        "4TEJudQY2pXxVHPE3gD2EU",
        "2hlmm7s2ICUX0LVIhVFlZQ",
        "7yO4IdJjCEPz7YgZMe25iS",
        "21dooacK2WGBB5amYvKyfM",
        "0NWbwDZY1VkRqFafuQm6wk",
        "7iZtZyCzp3LItcw1wtPI3D",
        "0L91qSjjMqrfsQCKTPvuuI",
        "4DdkRBBYG6Yk9Ka8tdJ9BW"
    ],
    "4nDoRrQiYLoBzwC5BhVJzF": [
        "5ZsFI1h6hIdQRw2ti0hz81",
        "2wUjUUtkb5lvLKcGKsKqsR",
        "1l8Fu6IkuTP0U5QetQJ5Xt",
        "0C8ZW7ezQVs4URX5aX7Kqx",
        "1Xylc3o4UrD53lo9CvFvVg",
        "1Hsdzj7Dlq2I7tHP7501T4",
        "6S2OmqARrzebs0tKUEyXyp",
        "6T5tfhQCknKG4UnH90qGnz",
        "5pUo3fmmHT8bhCyHE52hA6",
        "6dn6x1XOng3LOAnfTjUn77",
        "1o2NpYGqHiCq7FoiYdyd1x",
        "3J0BpFVUc9LeOIVeN5uNhU",
        "2kRfqPViCqYdSGhYSM9R0Q",
        "0ZED1XzwlLHW4ZaG4lOT6m",
        "26VFTg2z8YR0cCuwLzESi2",
        "06HL4z0CvFAxyc27GXpf02",
        "5xkAtLTf309LAGZTbvULBn",
        "7gAppWoH7pcYmphCVTXkzs",
        "66CXWjxzNUsdJxJ2JdwvnR",
        "6JL8zeS1NmiOftqZTRgdTz"
    ],
    "1l8Fu6IkuTP0U5QetQJ5Xt": [
        "1Xylc3o4UrD53lo9CvFvVg",
        "1o2NpYGqHiCq7FoiYdyd1x",
        "6S2OmqARrzebs0tKUEyXyp",
        "4nDoRrQiYLoBzwC5BhVJzF",
        "5p7f24Rk5HkUZsaS3BLG5F",
        "7bp2lSdh12wcA8LyB1srfJ",
        "5ZsFI1h6hIdQRw2ti0hz81",
        "2kRfqPViCqYdSGhYSM9R0Q",
        "6T5tfhQCknKG4UnH90qGnz",
        "0uGk2czvcpWQA383Im6ajf",
        "2wUjUUtkb5lvLKcGKsKqsR",
        "1BhWF9W2PngtPSyobKg0rP",
        "6JL8zeS1NmiOftqZTRgdTz",
        "4VhL8KLjVso4vLfOLVViTb",
        "5CCwRZC6euC8Odo6y9X8jr",
        "3e7awlrlDSwF3iM0WBjGMp",
        "0C8ZW7ezQVs4URX5aX7Kqx",
        "6dJeKm76NjfXBNTpHmOhfO",
        "4Rxn7Im3LGfyRkY2FlHhWi",
        "59KQTERLpPa7M0F25fRH6V"
    ],
    "0C8ZW7ezQVs4URX5aX7Kqx": [
        "6S2OmqARrzebs0tKUEyXyp",
        "1l8Fu6IkuTP0U5QetQJ5Xt",
        "4nDoRrQiYLoBzwC5BhVJzF",
        "5YGY8feqx7naU7z4HrwZM6",
        "1o2NpYGqHiCq7FoiYdyd1x",
        "2wUjUUtkb5lvLKcGKsKqsR",
        "0ZED1XzwlLHW4ZaG4lOT6m",
        "6dJeKm76NjfXBNTpHmOhfO",
        "1Xylc3o4UrD53lo9CvFvVg",
        "5ZsFI1h6hIdQRw2ti0hz81",
        "26VFTg2z8YR0cCuwLzESi2",
        "6M2wZ9GZgrQXHCFfjv46we",
        "2kRfqPViCqYdSGhYSM9R0Q",
        "06HL4z0CvFAxyc27GXpf02",
        "74KM79TiuVKeVCqs8QtB0B",
        "66CXWjxzNUsdJxJ2JdwvnR",
        "4Rxn7Im3LGfyRkY2FlHhWi",
        "5p7f24Rk5HkUZsaS3BLG5F",
        "5CCwRZC6euC8Odo6y9X8jr",
        "4npEfmQ6YuiwW1GpUmaq3F"
    ],
    "6S2OmqARrzebs0tKUEyXyp": [
        "1l8Fu6IkuTP0U5QetQJ5Xt",
        "5YGY8feqx7naU7z4HrwZM6",
        "6dJeKm76NjfXBNTpHmOhfO",
        "0C8ZW7ezQVs4URX5aX7Kqx",
        "2wUjUUtkb5lvLKcGKsKqsR",
        "4VhL8KLjVso4vLfOLVViTb",
        "5p7f24Rk5HkUZsaS3BLG5F",
        "7nU4hB040gTmHm45YYMvqc",
        "1KYszkVzlhV3rAqmAcYIgd",
        "6T5tfhQCknKG4UnH90qGnz",
        "4Rxn7Im3LGfyRkY2FlHhWi",
        "533HtQP5btWIZcKlHJtEWK",
        "6JL8zeS1NmiOftqZTRgdTz",
        "4ntkql3f3ect7NDRUJ7aAY",
        "1Xylc3o4UrD53lo9CvFvVg",
        "5ZsFI1h6hIdQRw2ti0hz81",
        "4m4SfDVbF5wxrwEjDKgi4k",
        "3e7awlrlDSwF3iM0WBjGMp",
        "4nDoRrQiYLoBzwC5BhVJzF",
        "0ZED1XzwlLHW4ZaG4lOT6m"
    ],
    "5ZsFI1h6hIdQRw2ti0hz81": [
        "1Hsdzj7Dlq2I7tHP7501T4",
        "5pUo3fmmHT8bhCyHE52hA6",
        "1l8Fu6IkuTP0U5QetQJ5Xt",
        "7n2wHs1TKAczGzO7Dd2rGr",
        "6KImCVD70vtIoJWnq6nGn3",
        "7gAppWoH7pcYmphCVTXkzs",
        "1Xylc3o4UrD53lo9CvFvVg",
        "4nDoRrQiYLoBzwC5BhVJzF",
        "6T5tfhQCknKG4UnH90qGnz",
        "2wUjUUtkb5lvLKcGKsKqsR",
        "3WGpXCj9YhhfX11TToZcXP",
        "5p7f24Rk5HkUZsaS3BLG5F",
        "57WHJIHrjOE3iAxpihhMnp",
        "5Y8eJDj37KhaEeqbVO7Ag1",
        "5Rl15oVamLq7FbSb0NNBNy",
        "6S2OmqARrzebs0tKUEyXyp",
        "4GvEc3ANtPPjt1ZJllr5Zl",
        "4AK6F7OLvEQ5QYCBNiQWHq",
        "0ZED1XzwlLHW4ZaG4lOT6m",
        "26VFTg2z8YR0cCuwLzESi2"
    ],
    "2wUjUUtkb5lvLKcGKsKqsR": [
        "4nDoRrQiYLoBzwC5BhVJzF",
        "5ZsFI1h6hIdQRw2ti0hz81",
        "1Hsdzj7Dlq2I7tHP7501T4",
        "6dn6x1XOng3LOAnfTjUn77",
        "5pUo3fmmHT8bhCyHE52hA6",
        "7gAppWoH7pcYmphCVTXkzs",
        "3WGpXCj9YhhfX11TToZcXP",
        "5xkAtLTf309LAGZTbvULBn",
        "1Xylc3o4UrD53lo9CvFvVg",
        "5p7f24Rk5HkUZsaS3BLG5F",
        "1o2NpYGqHiCq7FoiYdyd1x",
        "1l8Fu6IkuTP0U5QetQJ5Xt",
        "2jnIB6XdLvnJUeNTy5A0J2",
        "0ZED1XzwlLHW4ZaG4lOT6m",
        "6S2OmqARrzebs0tKUEyXyp",
        "6JL8zeS1NmiOftqZTRgdTz",
        "1INuLZXjjVbcJRyWvD1iSq",
        "6T5tfhQCknKG4UnH90qGnz",
        "2kRfqPViCqYdSGhYSM9R0Q",
        "3AVfmawzu83sp94QW7CEGm"
    ],
    "5p7f24Rk5HkUZsaS3BLG5F": [
        "0uGk2czvcpWQA383Im6ajf",
        "3AVfmawzu83sp94QW7CEGm",
        "1l8Fu6IkuTP0U5QetQJ5Xt",
        "0ZED1XzwlLHW4ZaG4lOT6m",
        "2wUjUUtkb5lvLKcGKsKqsR",
        "2kRfqPViCqYdSGhYSM9R0Q",
        "7LImGq5KnzQobZciDJpeJb",
        "1Xylc3o4UrD53lo9CvFvVg",
        "28y6CyJNkGNjJQKrlx4AmN",
        "1o2NpYGqHiCq7FoiYdyd1x",
        "5ZsFI1h6hIdQRw2ti0hz81",
        "6Dd3NScHWwnW6obMFbl1BH",
        "1QRj3hoop9Mv5VvHQkwPEp",
        "7gAppWoH7pcYmphCVTXkzs",
        "2l35CQqtYRh3d8ZIiBep4v",
        "1zNqDE7qDGCsyzJwohVaoX",
        "5pUo3fmmHT8bhCyHE52hA6",
        "74KM79TiuVKeVCqs8QtB0B",
        "6S2OmqARrzebs0tKUEyXyp",
        "64M6ah0SkkRsnPGtGiRAbb"
    ],
    "1o2NpYGqHiCq7FoiYdyd1x": [
        "4JNfz6aO9ZFz0gp5GY88am",
        "0uGk2czvcpWQA383Im6ajf",
        "2FovgCfOwN9iqbkCBlKFdT",
        "7LImGq5KnzQobZciDJpeJb",
        "1QRj3hoop9Mv5VvHQkwPEp",
        "0tRFWXqKBBQcu5oFVOgVzX",
        "2kRfqPViCqYdSGhYSM9R0Q",
        "0ZED1XzwlLHW4ZaG4lOT6m",
        "4u5smJBskI6Adzv08PuiUP",
        "4WmAQDrrYtyygkRlm6VTtB",
        "1INuLZXjjVbcJRyWvD1iSq",
        "3mPc8WGusz2XF3Tvs3AKCR",
        "45dkTj5sMRSjrmBSBeiHym",
        "5qa31A9HySw3T7MKWI9bGg",
        "59mjRp0i1B8oWSSMmGWJlJ",
        "5vBrKGOjN10BMwB0cJADj4",
        "2y9j8qUwBMGPYPQJJxmYzD",
        "5JSXWmQO8csVUy6hSRu8TA",
        "1BhWF9W2PngtPSyobKg0rP",
        "188VINPQh5dyNfLUkevKqf"
    ],
    "1Xylc3o4UrD53lo9CvFvVg": [
        "1l8Fu6IkuTP0U5QetQJ5Xt",
        "0ZED1XzwlLHW4ZaG4lOT6m",
        "0uGk2czvcpWQA383Im6ajf",
        "1zNqDE7qDGCsyzJwohVaoX",
        "5CCwRZC6euC8Odo6y9X8jr",
        "1BhWF9W2PngtPSyobKg0rP",
        "2wUjUUtkb5lvLKcGKsKqsR",
        "3AVfmawzu83sp94QW7CEGm",
        "5p7f24Rk5HkUZsaS3BLG5F",
        "4ScCswdRlyA23odg9thgIO",
        "5ZsFI1h6hIdQRw2ti0hz81",
        "4nDoRrQiYLoBzwC5BhVJzF",
        "2kRfqPViCqYdSGhYSM9R0Q",
        "64M6ah0SkkRsnPGtGiRAbb",
        "7LImGq5KnzQobZciDJpeJb",
        "0X2BH1fck6amBIoJhDVmmJ",
        "1MIVXf74SZHmTIp4V4paH4",
        "6Dd3NScHWwnW6obMFbl1BH",
        "1o2NpYGqHiCq7FoiYdyd1x",
        "5pUo3fmmHT8bhCyHE52hA6"
    ],
    "5YGY8feqx7naU7z4HrwZM6": [
        "6S2OmqARrzebs0tKUEyXyp",
        "6dJeKm76NjfXBNTpHmOhfO",
        "6LqNN22kT3074XbTVUrhzX",
        "7nU4hB040gTmHm45YYMvqc",
        "0C8ZW7ezQVs4URX5aX7Kqx",
        "1l8Fu6IkuTP0U5QetQJ5Xt",
        "2ddxtfC0oS8LoktXUHE7YL",
        "2S9W9aSAd7e5mp8WqWxN2h",
        "4VhL8KLjVso4vLfOLVViTb",
        "4ntkql3f3ect7NDRUJ7aAY",
        "3BmGtnKgCSGYIUhmivXKWX",
        "0p4nmQO2msCgU4IF37Wi3j",
        "4Rxn7Im3LGfyRkY2FlHhWi",
        "6G9bygHlCyPgNGxK2l3YdE",
        "4m4SfDVbF5wxrwEjDKgi4k",
        "6sFIWsNpZYqfjUpaCgueju",
        "2gsggkzM5R49q6jpPvazou",
        "3r17AfJCCUqC9Lf0OAc73G",
        "2AQjGvtT0pFYfxR3neFcvz",
        "1KYszkVzlhV3rAqmAcYIgd"
    ],
    "2kRfqPViCqYdSGhYSM9R0Q": [
        "0uGk2czvcpWQA383Im6ajf",
        "1o2NpYGqHiCq7FoiYdyd1x",
        "0ZED1XzwlLHW4ZaG4lOT6m",
        "2FovgCfOwN9iqbkCBlKFdT",
        "1QRj3hoop9Mv5VvHQkwPEp",
        "7LImGq5KnzQobZciDJpeJb",
        "1INuLZXjjVbcJRyWvD1iSq",
        "4GvEc3ANtPPjt1ZJllr5Zl",
        "4JNfz6aO9ZFz0gp5GY88am",
        "3AVfmawzu83sp94QW7CEGm",
        "59mjRp0i1B8oWSSMmGWJlJ",
        "5xkAtLTf309LAGZTbvULBn",
        "1l8Fu6IkuTP0U5QetQJ5Xt",
        "5Y8eJDj37KhaEeqbVO7Ag1",
        "6dn6x1XOng3LOAnfTjUn77",
        "5p7f24Rk5HkUZsaS3BLG5F",
        "45dkTj5sMRSjrmBSBeiHym",
        "1BhWF9W2PngtPSyobKg0rP",
        "4V2pR2iSd1g0RZCglrP3jn",
        "2y9j8qUwBMGPYPQJJxmYzD"
    ],
    "3e7awlrlDSwF3iM0WBjGMp": [
        "4m4SfDVbF5wxrwEjDKgi4k",
        "3whuHq0yGx60atvA2RCVRW",
        "1l8Fu6IkuTP0U5QetQJ5Xt",
        "2gsggkzM5R49q6jpPvazou",
        "15qI5w4XJFLRMwOp2VrlD5",
        "6S2OmqARrzebs0tKUEyXyp",
        "5xi3SZpllRPAkoPVbjB6nc",
        "2NhdGz9EDv2FeUw6udu2g1",
        "5ZsFI1h6hIdQRw2ti0hz81",
        "4AK6F7OLvEQ5QYCBNiQWHq",
        "5lKZWd6HiSCLfnDGrq9RAm",
        "12EtLdLfJ41vUOoVzPZIUy",
        "4ScCswdRlyA23odg9thgIO",
        "3NyNPJaemMYsL14DK2tO01",
        "1Xylc3o4UrD53lo9CvFvVg",
        "6dJeKm76NjfXBNTpHmOhfO",
        "4VhL8KLjVso4vLfOLVViTb",
        "7nDsS0l5ZAzMedVRKPP8F1",
        "4nDoRrQiYLoBzwC5BhVJzF",
        "3EBRANWwnViQuBrImN61Z1"
    ],
    "0ZED1XzwlLHW4ZaG4lOT6m": [
        "2kRfqPViCqYdSGhYSM9R0Q",
        "1o2NpYGqHiCq7FoiYdyd1x",
        "0uGk2czvcpWQA383Im6ajf",
        "1Xylc3o4UrD53lo9CvFvVg",
        "7LImGq5KnzQobZciDJpeJb",
        "5p7f24Rk5HkUZsaS3BLG5F",
        "1QRj3hoop9Mv5VvHQkwPEp",
        "3AVfmawzu83sp94QW7CEGm",
        "4JNfz6aO9ZFz0gp5GY88am",
        "4nDoRrQiYLoBzwC5BhVJzF",
        "5qa31A9HySw3T7MKWI9bGg",
        "2wUjUUtkb5lvLKcGKsKqsR",
        "1l8Fu6IkuTP0U5QetQJ5Xt",
        "4xnihxcoXWK3UqryOSnbw5",
        "5xkAtLTf309LAGZTbvULBn",
        "3mPc8WGusz2XF3Tvs3AKCR",
        "3YdT8QvV4QvY4DfVJhxdcZ",
        "6dn6x1XOng3LOAnfTjUn77",
        "1BhWF9W2PngtPSyobKg0rP",
        "45dkTj5sMRSjrmBSBeiHym"
    ],
    "26VFTg2z8YR0cCuwLzESi2": [
        "3WGpXCj9YhhfX11TToZcXP",
        "4nDoRrQiYLoBzwC5BhVJzF",
        "1l8Fu6IkuTP0U5QetQJ5Xt",
        "1Xylc3o4UrD53lo9CvFvVg",
        "1o2NpYGqHiCq7FoiYdyd1x",
        "63yrD80RY3RNEM2YDpUpO8",
        "0ZED1XzwlLHW4ZaG4lOT6m",
        "2kRfqPViCqYdSGhYSM9R0Q",
        "5p7f24Rk5HkUZsaS3BLG5F",
        "2wUjUUtkb5lvLKcGKsKqsR",
        "5ZsFI1h6hIdQRw2ti0hz81",
        "3LjhVl7GzYsza1biQjTpaN",
        "1QRj3hoop9Mv5VvHQkwPEp",
        "7LImGq5KnzQobZciDJpeJb",
        "0X2BH1fck6amBIoJhDVmmJ",
        "163tK9Wjr9P9DmM0AVK7lm",
        "0C8ZW7ezQVs4URX5aX7Kqx",
        "6S2OmqARrzebs0tKUEyXyp",
        "4JNfz6aO9ZFz0gp5GY88am",
        "64M6ah0SkkRsnPGtGiRAbb"
    ],
    "6dJeKm76NjfXBNTpHmOhfO": [
        "3SYGWAHCe31oykdeUPpoJp",
        "7rPQ2z1ji1ctJ6oGYBAo6M",
        "6G9bygHlCyPgNGxK2l3YdE",
        "2ddxtfC0oS8LoktXUHE7YL",
        "7nU4hB040gTmHm45YYMvqc",
        "533HtQP5btWIZcKlHJtEWK",
        "2S9W9aSAd7e5mp8WqWxN2h",
        "4VhL8KLjVso4vLfOLVViTb",
        "0GWCNkPi54upO9WLlwjAHd",
        "4ntkql3f3ect7NDRUJ7aAY",
        "4vRSocKbGh7PsQrYRDVMEF",
        "1KYszkVzlhV3rAqmAcYIgd",
        "4Rxn7Im3LGfyRkY2FlHhWi",
        "4gWAItIMhYCdD82T8tvv3T",
        "4D4d4SGHSnXy5TxqhfDl3H",
        "5YGY8feqx7naU7z4HrwZM6",
        "79Xp2rRN7wdsaTJgttdX3K",
        "7gbmX8SsfjEjxDMzBi1ZOL",
        "7gOdHgIoIKoe4i9Tta6qdD",
        "3IcF2f5vEkY6HPQfLlQDlw"
    ],
    "6M2wZ9GZgrQXHCFfjv46we": [
        "5vBSrE1xujD2FXYRarbAXc",
        "5CCwRZC6euC8Odo6y9X8jr",
        "4ScCswdRlyA23odg9thgIO",
        "0X2BH1fck6amBIoJhDVmmJ",
        "1l8Fu6IkuTP0U5QetQJ5Xt",
        "1Xylc3o4UrD53lo9CvFvVg",
        "4npEfmQ6YuiwW1GpUmaq3F",
        "0C8ZW7ezQVs4URX5aX7Kqx",
        "4nDoRrQiYLoBzwC5BhVJzF",
        "2wUjUUtkb5lvLKcGKsKqsR",
        "5ZsFI1h6hIdQRw2ti0hz81",
        "6T5tfhQCknKG4UnH90qGnz",
        "26VFTg2z8YR0cCuwLzESi2",
        "1zNqDE7qDGCsyzJwohVaoX",
        "6S2OmqARrzebs0tKUEyXyp",
        "3WGpXCj9YhhfX11TToZcXP",
        "1MIVXf74SZHmTIp4V4paH4",
        "0ZED1XzwlLHW4ZaG4lOT6m",
        "1o2NpYGqHiCq7FoiYdyd1x",
        "4NHQUGzhtTLFvgF5SZesLK"
    ],
    "6JL8zeS1NmiOftqZTRgdTz": [
        "1l8Fu6IkuTP0U5QetQJ5Xt",
        "4Rxn7Im3LGfyRkY2FlHhWi",
        "0kkxsdcaWmWU2yWAqclDh4",
        "66CXWjxzNUsdJxJ2JdwvnR",
        "2gsggkzM5R49q6jpPvazou",
        "7gAppWoH7pcYmphCVTXkzs",
        "7n2wHs1TKAczGzO7Dd2rGr",
        "3Yl4nkmEa8BSuGWbwhdLDq",
        "1vSN1fsvrzpbttOYGsliDr",
        "7nDsS0l5ZAzMedVRKPP8F1",
        "4obzFoKoKRHIphyHzJ35G3",
        "2l35CQqtYRh3d8ZIiBep4v",
        "6sFIWsNpZYqfjUpaCgueju",
        "0DxeaLnv6SyYk2DOqkLO8c",
        "04gDigrS5kc9YWfZHwBETP",
        "2E19mfEFhCr6UgZUYJGOEW",
        "5Rl15oVamLq7FbSb0NNBNy",
        "2oX42qP5ineK3hrhBECLmj",
        "3WGpXCj9YhhfX11TToZcXP",
        "5WUlDfRSoLAfcVSX1WnrxN"
    ],
    "0NIIxcxNHmOoyBx03SfTCD": [
        "2YFBOR9KIxC6WqHclkj9Yq",
        "2cWZOOzeOm4WmBJRnD5R7I",
        "0jUQSUOcM7lxVn5eVGTkzQ",
        "6g8AmloI8egfrr3dm3SnUL",
        "7jZMxhsB8djyIbYmoiJSTs",
        "63XBtGSEZINSyXylZxEUbv",
        "4k3yrCOPB5wp2ne8R9MQoM",
        "1BhWF9W2PngtPSyobKg0rP",
        "0AsThoR4KZSVktALiNcQwW",
        "4o4tLTIJ3eWMFerz73atcT",
        "30DhU7BDmF4PH0JVhu8ZRg",
        "0cGUm45nv7Z6M6qdXYQGTX",
        "6If57j6e3TXXk0HiLcIZca",
        "2KEqzdPS7M5YwGmiuPTdr5",
        "7HkdQ0gt53LP4zmHsL0nap",
        "63bCkf4n15jiKjHhLV7kSZ",
        "6hfwwpXqZPRC9CsKI7qtv1",
        "7aFTOGFDEqDtJUCziLVsVC",
        "6cN9XwPMj9bWzJ32GC6V7v",
        "27FGXRNruFoOdf1vP8dqcH"
    ],
    "0hCNtLu0JehylgoiP8L4Gh": [
        "1l8Fu6IkuTP0U5QetQJ5Xt",
        "0cGUm45nv7Z6M6qdXYQGTX",
        "5yG7ZAZafVaAlMTeBybKAL",
        "2ExGrw6XpbtUAJHTLtUXUD",
        "3u579Gdap91lMptBSdXTpf",
        "7gRhy3MIPHQo5CXYfWaw9I",
        "2NdeV5rLm47xAvogXrYhJX",
        "4kYSro6naA4h99UJvo89HB",
        "5pKCCKE2ajJHZ9KAiaK11H",
        "2cWZOOzeOm4WmBJRnD5R7I",
        "3r17AfJCCUqC9Lf0OAc73G",
        "76SlrtEaq2oViRXulxjfuM",
        "3AuMNF8rQAKOzjYppFNAoB",
        "63wjoROpeh5f11Qm93UiJ1",
        "4m4SfDVbF5wxrwEjDKgi4k",
        "4fpTMHe34LC5t3h5ztK8qu",
        "0NIIxcxNHmOoyBx03SfTCD",
        "181bsRPaVXVlUKXrxwZfHK",
        "37hAfseJWi0G3Scife12Il",
        "4ULO7IGI3M2bo0Ap7B9h8a"
    ],
    "5CCwRZC6euC8Odo6y9X8jr": [
        "4ScCswdRlyA23odg9thgIO",
        "1zNqDE7qDGCsyzJwohVaoX",
        "1Xylc3o4UrD53lo9CvFvVg",
        "0X2BH1fck6amBIoJhDVmmJ",
        "7nDsS0l5ZAzMedVRKPP8F1",
        "5vBSrE1xujD2FXYRarbAXc",
        "1l8Fu6IkuTP0U5QetQJ5Xt",
        "1BhWF9W2PngtPSyobKg0rP",
        "40xbWSB4JPdOkRyuTDy1oP",
        "15qI5w4XJFLRMwOp2VrlD5",
        "5KKpBU5eC2tJDzf0wmlRp2",
        "0ZED1XzwlLHW4ZaG4lOT6m",
        "64M6ah0SkkRsnPGtGiRAbb",
        "5pUo3fmmHT8bhCyHE52hA6",
        "2cWZOOzeOm4WmBJRnD5R7I",
        "1MIVXf74SZHmTIp4V4paH4",
        "3NyNPJaemMYsL14DK2tO01",
        "2gsggkzM5R49q6jpPvazou",
        "2wUjUUtkb5lvLKcGKsKqsR",
        "6T5tfhQCknKG4UnH90qGnz"
    ],
    "78YqeIji3mgAS2K1Maca6x": [
        "2ySHS7UojGu20XfUPaBlyu",
        "2dEZtPJFspWetycGtouit2",
        "6ghiFYcwn2Vzl6K50U0UPz",
        "77kULmXAQ6vWer7IIHdGzI",
        "5lRB3MAJfKzlt7dgYMHWgY",
        "4oUHIQIBe0LHzYfvXNW4QM",
        "4BANbHDs1IluagTx5eRW2P",
        "3oSJ7TBVCWMDMiYjXNiCKE",
        "54lUDwCk35ihJuK3yJCqHA",
        "7lDVEkjIURPMyUYwoQRrpw",
        "2lRH2dgU5Kk4Bc5phmII4T",
        "7io3MyhMxDZoBYXp4rlRFA",
        "718COspgdWOnwOFpJHRZHS",
        "0H7XMkYygCyZGg8o1uqoZv",
        "7z5WFjZAIYejWy0NI5lv4T",
        "1p6CdzJRoicjRcSdWoB9Qc",
        "1mfDfLsMxYcOOZkzBxvSVW",
        "2QMsj4XJ7ne2hojxt6v5eb",
        "68abRTdO4meYReMWHvBYb0",
        "5IcGbIAgdns0R5EJKHMjCQ"
    ],
    "77kULmXAQ6vWer7IIHdGzI": [
        "6ghiFYcwn2Vzl6K50U0UPz",
        "78YqeIji3mgAS2K1Maca6x",
        "2dEZtPJFspWetycGtouit2",
        "54lUDwCk35ihJuK3yJCqHA",
        "2ySHS7UojGu20XfUPaBlyu",
        "4oUHIQIBe0LHzYfvXNW4QM",
        "7lDVEkjIURPMyUYwoQRrpw",
        "5lRB3MAJfKzlt7dgYMHWgY",
        "3oSJ7TBVCWMDMiYjXNiCKE",
        "4BANbHDs1IluagTx5eRW2P",
        "2lRH2dgU5Kk4Bc5phmII4T",
        "7z5WFjZAIYejWy0NI5lv4T",
        "718COspgdWOnwOFpJHRZHS",
        "3TyeX0lk4B7k56ukfzEE0z",
        "1p6CdzJRoicjRcSdWoB9Qc",
        "34bhyY8jfKez7uKakMfy4y",
        "6fzQ81ouajOEFqCIB9VwrS",
        "68abRTdO4meYReMWHvBYb0",
        "2QMsj4XJ7ne2hojxt6v5eb",
        "147nKr9upHZSSxqCzh9j7c"
    ],
    "3oSJ7TBVCWMDMiYjXNiCKE": [
        "78YqeIji3mgAS2K1Maca6x",
        "77kULmXAQ6vWer7IIHdGzI",
        "4oUHIQIBe0LHzYfvXNW4QM",
        "6ghiFYcwn2Vzl6K50U0UPz",
        "7z5WFjZAIYejWy0NI5lv4T",
        "2dEZtPJFspWetycGtouit2",
        "718COspgdWOnwOFpJHRZHS",
        "4BANbHDs1IluagTx5eRW2P",
        "2ySHS7UojGu20XfUPaBlyu",
        "7lDVEkjIURPMyUYwoQRrpw",
        "5lRB3MAJfKzlt7dgYMHWgY",
        "54lUDwCk35ihJuK3yJCqHA",
        "1mfDfLsMxYcOOZkzBxvSVW",
        "6y8XlgIV8BLlIg1tT1R10i",
        "1p6CdzJRoicjRcSdWoB9Qc",
        "68abRTdO4meYReMWHvBYb0",
        "1dID9zgn0OV0Y8ud7Mh2tS",
        "34bhyY8jfKez7uKakMfy4y",
        "0fiWOxhsBsQQvFDtxUQWo0",
        "39NR3AUhpbbqKM33vWn2fp"
    ],
    "4oUHIQIBe0LHzYfvXNW4QM": [
        "77kULmXAQ6vWer7IIHdGzI",
        "78YqeIji3mgAS2K1Maca6x",
        "6ghiFYcwn2Vzl6K50U0UPz",
        "3oSJ7TBVCWMDMiYjXNiCKE",
        "4BANbHDs1IluagTx5eRW2P",
        "2ySHS7UojGu20XfUPaBlyu",
        "7lDVEkjIURPMyUYwoQRrpw",
        "5lRB3MAJfKzlt7dgYMHWgY",
        "2dEZtPJFspWetycGtouit2",
        "54lUDwCk35ihJuK3yJCqHA",
        "2QMsj4XJ7ne2hojxt6v5eb",
        "7z5WFjZAIYejWy0NI5lv4T",
        "718COspgdWOnwOFpJHRZHS",
        "1mfDfLsMxYcOOZkzBxvSVW",
        "1p6CdzJRoicjRcSdWoB9Qc",
        "39NR3AUhpbbqKM33vWn2fp",
        "68abRTdO4meYReMWHvBYb0",
        "6y8XlgIV8BLlIg1tT1R10i",
        "1dID9zgn0OV0Y8ud7Mh2tS",
        "5IcGbIAgdns0R5EJKHMjCQ"
    ],
    "6ghiFYcwn2Vzl6K50U0UPz": [
        "78YqeIji3mgAS2K1Maca6x",
        "77kULmXAQ6vWer7IIHdGzI",
        "2ySHS7UojGu20XfUPaBlyu",
        "2dEZtPJFspWetycGtouit2",
        "5lRB3MAJfKzlt7dgYMHWgY",
        "4BANbHDs1IluagTx5eRW2P",
        "4oUHIQIBe0LHzYfvXNW4QM",
        "54lUDwCk35ihJuK3yJCqHA",
        "7lDVEkjIURPMyUYwoQRrpw",
        "3oSJ7TBVCWMDMiYjXNiCKE",
        "1YSoHvvSAY0oOJW7VxJx3M",
        "2lRH2dgU5Kk4Bc5phmII4T",
        "0H7XMkYygCyZGg8o1uqoZv",
        "7io3MyhMxDZoBYXp4rlRFA",
        "34bhyY8jfKez7uKakMfy4y",
        "1mfDfLsMxYcOOZkzBxvSVW",
        "7z5WFjZAIYejWy0NI5lv4T",
        "5IcGbIAgdns0R5EJKHMjCQ",
        "0q2lY1ZzFckzciuoMtUvck",
        "68abRTdO4meYReMWHvBYb0"
    ],
    "7z5WFjZAIYejWy0NI5lv4T": [
        "3oSJ7TBVCWMDMiYjXNiCKE",
        "77kULmXAQ6vWer7IIHdGzI",
        "78YqeIji3mgAS2K1Maca6x",
        "4oUHIQIBe0LHzYfvXNW4QM",
        "6ghiFYcwn2Vzl6K50U0UPz",
        "2ySHS7UojGu20XfUPaBlyu",
        "2dEZtPJFspWetycGtouit2",
        "718COspgdWOnwOFpJHRZHS",
        "4BANbHDs1IluagTx5eRW2P",
        "2lRH2dgU5Kk4Bc5phmII4T",
        "34bhyY8jfKez7uKakMfy4y",
        "7lDVEkjIURPMyUYwoQRrpw",
        "5lRB3MAJfKzlt7dgYMHWgY",
        "6y8XlgIV8BLlIg1tT1R10i",
        "54lUDwCk35ihJuK3yJCqHA",
        "1mfDfLsMxYcOOZkzBxvSVW",
        "1p6CdzJRoicjRcSdWoB9Qc",
        "68abRTdO4meYReMWHvBYb0",
        "6x2LnllRG5uGarZMsD4iO8",
        "1dID9zgn0OV0Y8ud7Mh2tS"
    ],
    "7lDVEkjIURPMyUYwoQRrpw": [
        "77kULmXAQ6vWer7IIHdGzI",
        "54lUDwCk35ihJuK3yJCqHA",
        "2dEZtPJFspWetycGtouit2",
        "2ySHS7UojGu20XfUPaBlyu",
        "5lRB3MAJfKzlt7dgYMHWgY",
        "3TyeX0lk4B7k56ukfzEE0z",
        "78YqeIji3mgAS2K1Maca6x",
        "6ghiFYcwn2Vzl6K50U0UPz",
        "4BANbHDs1IluagTx5eRW2P",
        "0H7XMkYygCyZGg8o1uqoZv",
        "2lRH2dgU5Kk4Bc5phmII4T",
        "4oUHIQIBe0LHzYfvXNW4QM",
        "1YSoHvvSAY0oOJW7VxJx3M",
        "1p6CdzJRoicjRcSdWoB9Qc",
        "78eqps3BavCqe2q7GCU1VK",
        "2QMsj4XJ7ne2hojxt6v5eb",
        "34bhyY8jfKez7uKakMfy4y",
        "7io3MyhMxDZoBYXp4rlRFA",
        "5GDZ6xhBwk7Yja97CFLmV7",
        "7yPbJOX7olhT3ynAyuj3Zl"
    ],
    "2dEZtPJFspWetycGtouit2": [
        "2ySHS7UojGu20XfUPaBlyu",
        "5lRB3MAJfKzlt7dgYMHWgY",
        "78YqeIji3mgAS2K1Maca6x",
        "77kULmXAQ6vWer7IIHdGzI",
        "6ghiFYcwn2Vzl6K50U0UPz",
        "1YSoHvvSAY0oOJW7VxJx3M",
        "7lDVEkjIURPMyUYwoQRrpw",
        "54lUDwCk35ihJuK3yJCqHA",
        "4BANbHDs1IluagTx5eRW2P",
        "3oSJ7TBVCWMDMiYjXNiCKE",
        "4oUHIQIBe0LHzYfvXNW4QM",
        "2lRH2dgU5Kk4Bc5phmII4T",
        "0H7XMkYygCyZGg8o1uqoZv",
        "34bhyY8jfKez7uKakMfy4y",
        "7io3MyhMxDZoBYXp4rlRFA",
        "78eqps3BavCqe2q7GCU1VK",
        "6fzQ81ouajOEFqCIB9VwrS",
        "1p6CdzJRoicjRcSdWoB9Qc",
        "7z5WFjZAIYejWy0NI5lv4T",
        "68abRTdO4meYReMWHvBYb0"
    ],
    "5lRB3MAJfKzlt7dgYMHWgY": [
        "2dEZtPJFspWetycGtouit2",
        "2ySHS7UojGu20XfUPaBlyu",
        "77kULmXAQ6vWer7IIHdGzI",
        "6ghiFYcwn2Vzl6K50U0UPz",
        "7io3MyhMxDZoBYXp4rlRFA",
        "78YqeIji3mgAS2K1Maca6x",
        "4BANbHDs1IluagTx5eRW2P",
        "7lDVEkjIURPMyUYwoQRrpw",
        "2lRH2dgU5Kk4Bc5phmII4T",
        "0H7XMkYygCyZGg8o1uqoZv",
        "54lUDwCk35ihJuK3yJCqHA",
        "1YSoHvvSAY0oOJW7VxJx3M",
        "4oUHIQIBe0LHzYfvXNW4QM",
        "5IcGbIAgdns0R5EJKHMjCQ",
        "78eqps3BavCqe2q7GCU1VK",
        "0q2lY1ZzFckzciuoMtUvck",
        "7tje8UB3cuR1ZfeJx2U38T",
        "1p6CdzJRoicjRcSdWoB9Qc",
        "6fzQ81ouajOEFqCIB9VwrS",
        "68abRTdO4meYReMWHvBYb0"
    ],
    "2ySHS7UojGu20XfUPaBlyu": [
        "78YqeIji3mgAS2K1Maca6x",
        "2dEZtPJFspWetycGtouit2",
        "6ghiFYcwn2Vzl6K50U0UPz",
        "77kULmXAQ6vWer7IIHdGzI",
        "5lRB3MAJfKzlt7dgYMHWgY",
        "2lRH2dgU5Kk4Bc5phmII4T",
        "54lUDwCk35ihJuK3yJCqHA",
        "7lDVEkjIURPMyUYwoQRrpw",
        "1YSoHvvSAY0oOJW7VxJx3M",
        "4BANbHDs1IluagTx5eRW2P",
        "0H7XMkYygCyZGg8o1uqoZv",
        "4oUHIQIBe0LHzYfvXNW4QM",
        "7io3MyhMxDZoBYXp4rlRFA",
        "3oSJ7TBVCWMDMiYjXNiCKE",
        "39NR3AUhpbbqKM33vWn2fp",
        "3TyeX0lk4B7k56ukfzEE0z",
        "78eqps3BavCqe2q7GCU1VK",
        "7sKxqpSqbIzphAKAhrqvlf",
        "7z5WFjZAIYejWy0NI5lv4T",
        "1p6CdzJRoicjRcSdWoB9Qc"
    ],
    "39NR3AUhpbbqKM33vWn2fp": [
        "2ySHS7UojGu20XfUPaBlyu",
        "6ghiFYcwn2Vzl6K50U0UPz",
        "54lUDwCk35ihJuK3yJCqHA",
        "2lRH2dgU5Kk4Bc5phmII4T",
        "7io3MyhMxDZoBYXp4rlRFA",
        "78YqeIji3mgAS2K1Maca6x",
        "2QMsj4XJ7ne2hojxt6v5eb",
        "7lDVEkjIURPMyUYwoQRrpw",
        "2hJPr4lk7Q8SSvCVBl9fWM",
        "0q2lY1ZzFckzciuoMtUvck",
        "0dvKgSdNB2U1gfp6ZcekYi",
        "0RKP52f5PNDCRZ9Luq2Sr7",
        "4TONBKcqVR1LmPdfJxvkMU",
        "56x8mYvS3cyDGAi8N2FxbB",
        "1mfDfLsMxYcOOZkzBxvSVW",
        "60gmlHZmT16wiO9GiXKYK9",
        "4DZGvSv2oMkBUnPz67E6z6",
        "4MoAOfV4ROWofLG3a3hhBN",
        "7sKxqpSqbIzphAKAhrqvlf",
        "77kULmXAQ6vWer7IIHdGzI"
    ],
    "1mfDfLsMxYcOOZkzBxvSVW": [
        "6ghiFYcwn2Vzl6K50U0UPz",
        "78YqeIji3mgAS2K1Maca6x",
        "39NR3AUhpbbqKM33vWn2fp",
        "4oUHIQIBe0LHzYfvXNW4QM",
        "3oSJ7TBVCWMDMiYjXNiCKE",
        "718COspgdWOnwOFpJHRZHS",
        "7io3MyhMxDZoBYXp4rlRFA",
        "0q2lY1ZzFckzciuoMtUvck",
        "1dID9zgn0OV0Y8ud7Mh2tS",
        "5q8HGNo0BjLWaTAhRtbwxa",
        "4MoAOfV4ROWofLG3a3hhBN",
        "54lUDwCk35ihJuK3yJCqHA",
        "0dvKgSdNB2U1gfp6ZcekYi",
        "4BYxqVkZyFjtik7crYLg5Q",
        "56x8mYvS3cyDGAi8N2FxbB",
        "2qgvmDsc4jrqbAbjq1HGM2",
        "6ZV6lGY0prbqpTD0Md8i29",
        "4TshyQDihSYXSWqvclXl3I",
        "070kGpqtESdDsLb3gdMIyx",
        "2hJPr4lk7Q8SSvCVBl9fWM"
    ],
    "6y8XlgIV8BLlIg1tT1R10i": [
        "6ghiFYcwn2Vzl6K50U0UPz",
        "78YqeIji3mgAS2K1Maca6x",
        "4oUHIQIBe0LHzYfvXNW4QM",
        "77kULmXAQ6vWer7IIHdGzI",
        "39NR3AUhpbbqKM33vWn2fp",
        "3oSJ7TBVCWMDMiYjXNiCKE",
        "2ySHS7UojGu20XfUPaBlyu",
        "7z5WFjZAIYejWy0NI5lv4T",
        "54lUDwCk35ihJuK3yJCqHA",
        "718COspgdWOnwOFpJHRZHS",
        "2dEZtPJFspWetycGtouit2",
        "5lRB3MAJfKzlt7dgYMHWgY",
        "1mfDfLsMxYcOOZkzBxvSVW",
        "2lRH2dgU5Kk4Bc5phmII4T",
        "4BANbHDs1IluagTx5eRW2P",
        "7lDVEkjIURPMyUYwoQRrpw",
        "68abRTdO4meYReMWHvBYb0",
        "1dID9zgn0OV0Y8ud7Mh2tS",
        "7sKxqpSqbIzphAKAhrqvlf",
        "1p6CdzJRoicjRcSdWoB9Qc"
    ],
    "34bhyY8jfKez7uKakMfy4y": [
        "7yPbJOX7olhT3ynAyuj3Zl",
        "5iqStkZi6QmG8sgQZQrfGN",
        "5WRElKaZsn1tGnrgmJVAeO",
        "2dEZtPJFspWetycGtouit2",
        "6ghiFYcwn2Vzl6K50U0UPz",
        "5GDZ6xhBwk7Yja97CFLmV7",
        "77kULmXAQ6vWer7IIHdGzI",
        "7lDVEkjIURPMyUYwoQRrpw",
        "0GzIauSfKRc5BlNXpTWAGz",
        "3TyeX0lk4B7k56ukfzEE0z",
        "78YqeIji3mgAS2K1Maca6x",
        "5dMnvpYEfXvSexjwnSRH5n",
        "2lRH2dgU5Kk4Bc5phmII4T",
        "2ySHS7UojGu20XfUPaBlyu",
        "1v3tdpIdBSW14rHUfiEVOv",
        "4sIl4BTo9l9KqEi0Y3RE72",
        "371jpyGdoChzUASOIG2ECV",
        "5lRB3MAJfKzlt7dgYMHWgY",
        "0db28KdTi7VNaTipfAnlWQ",
        "2PaRhxWFaqCUZybJDDoNrf"
    ],
    "54lUDwCk35ihJuK3yJCqHA": [
        "77kULmXAQ6vWer7IIHdGzI",
        "7lDVEkjIURPMyUYwoQRrpw",
        "2ySHS7UojGu20XfUPaBlyu",
        "6ghiFYcwn2Vzl6K50U0UPz",
        "2dEZtPJFspWetycGtouit2",
        "78YqeIji3mgAS2K1Maca6x",
        "5lRB3MAJfKzlt7dgYMHWgY",
        "4oUHIQIBe0LHzYfvXNW4QM",
        "2lRH2dgU5Kk4Bc5phmII4T",
        "3TyeX0lk4B7k56ukfzEE0z",
        "0H7XMkYygCyZGg8o1uqoZv",
        "4BANbHDs1IluagTx5eRW2P",
        "7io3MyhMxDZoBYXp4rlRFA",
        "39NR3AUhpbbqKM33vWn2fp",
        "5sQqZtsAbXAoAnvA8iN9kN",
        "5IcGbIAgdns0R5EJKHMjCQ",
        "0ryF1Gy87xVCOF0Jb666ak",
        "0q2lY1ZzFckzciuoMtUvck",
        "6fzQ81ouajOEFqCIB9VwrS",
        "2QMsj4XJ7ne2hojxt6v5eb"
    ],
    "2lRH2dgU5Kk4Bc5phmII4T": [
        "2ySHS7UojGu20XfUPaBlyu",
        "5lRB3MAJfKzlt7dgYMHWgY",
        "2dEZtPJFspWetycGtouit2",
        "77kULmXAQ6vWer7IIHdGzI",
        "6ghiFYcwn2Vzl6K50U0UPz",
        "78YqeIji3mgAS2K1Maca6x",
        "7lDVEkjIURPMyUYwoQRrpw",
        "54lUDwCk35ihJuK3yJCqHA",
        "3TyeX0lk4B7k56ukfzEE0z",
        "0H7XMkYygCyZGg8o1uqoZv",
        "39NR3AUhpbbqKM33vWn2fp",
        "7io3MyhMxDZoBYXp4rlRFA",
        "7sKxqpSqbIzphAKAhrqvlf",
        "4BANbHDs1IluagTx5eRW2P",
        "7yPbJOX7olhT3ynAyuj3Zl",
        "5IcGbIAgdns0R5EJKHMjCQ",
        "34bhyY8jfKez7uKakMfy4y",
        "6fzQ81ouajOEFqCIB9VwrS",
        "147nKr9upHZSSxqCzh9j7c",
        "7tje8UB3cuR1ZfeJx2U38T"
    ],
    "1p6CdzJRoicjRcSdWoB9Qc": [
        "77kULmXAQ6vWer7IIHdGzI",
        "7lDVEkjIURPMyUYwoQRrpw",
        "78YqeIji3mgAS2K1Maca6x",
        "2dEZtPJFspWetycGtouit2",
        "6ghiFYcwn2Vzl6K50U0UPz",
        "2ySHS7UojGu20XfUPaBlyu",
        "54lUDwCk35ihJuK3yJCqHA",
        "4BANbHDs1IluagTx5eRW2P",
        "4oUHIQIBe0LHzYfvXNW4QM",
        "5lRB3MAJfKzlt7dgYMHWgY",
        "3oSJ7TBVCWMDMiYjXNiCKE",
        "2lRH2dgU5Kk4Bc5phmII4T",
        "3TyeX0lk4B7k56ukfzEE0z",
        "718COspgdWOnwOFpJHRZHS",
        "7z5WFjZAIYejWy0NI5lv4T",
        "68abRTdO4meYReMWHvBYb0",
        "5IcGbIAgdns0R5EJKHMjCQ",
        "2QMsj4XJ7ne2hojxt6v5eb",
        "6fzQ81ouajOEFqCIB9VwrS",
        "0H7XMkYygCyZGg8o1uqoZv"
    ],
    "4BANbHDs1IluagTx5eRW2P": [
        "78YqeIji3mgAS2K1Maca6x",
        "5lRB3MAJfKzlt7dgYMHWgY",
        "6ghiFYcwn2Vzl6K50U0UPz",
        "2dEZtPJFspWetycGtouit2",
        "2ySHS7UojGu20XfUPaBlyu",
        "7lDVEkjIURPMyUYwoQRrpw",
        "4oUHIQIBe0LHzYfvXNW4QM",
        "77kULmXAQ6vWer7IIHdGzI",
        "0H7XMkYygCyZGg8o1uqoZv",
        "78eqps3BavCqe2q7GCU1VK",
        "5IcGbIAgdns0R5EJKHMjCQ",
        "2QMsj4XJ7ne2hojxt6v5eb",
        "0q2lY1ZzFckzciuoMtUvck",
        "54lUDwCk35ihJuK3yJCqHA",
        "7tje8UB3cuR1ZfeJx2U38T",
        "1p6CdzJRoicjRcSdWoB9Qc",
        "7io3MyhMxDZoBYXp4rlRFA",
        "7tkwiWhGKSuQV8LwPWceWN",
        "3vHV92ecrylnUHDM4d2MtC",
        "3oSJ7TBVCWMDMiYjXNiCKE"
    ],
    "68abRTdO4meYReMWHvBYb0": [
        "77kULmXAQ6vWer7IIHdGzI",
        "2dEZtPJFspWetycGtouit2",
        "78YqeIji3mgAS2K1Maca6x",
        "6ghiFYcwn2Vzl6K50U0UPz",
        "54lUDwCk35ihJuK3yJCqHA",
        "7lDVEkjIURPMyUYwoQRrpw",
        "2ySHS7UojGu20XfUPaBlyu",
        "4oUHIQIBe0LHzYfvXNW4QM",
        "3oSJ7TBVCWMDMiYjXNiCKE",
        "5lRB3MAJfKzlt7dgYMHWgY",
        "4BANbHDs1IluagTx5eRW2P",
        "718COspgdWOnwOFpJHRZHS",
        "7z5WFjZAIYejWy0NI5lv4T",
        "2lRH2dgU5Kk4Bc5phmII4T",
        "1p6CdzJRoicjRcSdWoB9Qc",
        "5IcGbIAgdns0R5EJKHMjCQ",
        "34bhyY8jfKez7uKakMfy4y",
        "7io3MyhMxDZoBYXp4rlRFA",
        "0H7XMkYygCyZGg8o1uqoZv"
    ],
    "1dID9zgn0OV0Y8ud7Mh2tS": [
        "2hJPr4lk7Q8SSvCVBl9fWM",
        "3b8QkneNDz4JHKKKlLgYZg",
        "6x2LnllRG5uGarZMsD4iO8",
        "7tkwiWhGKSuQV8LwPWceWN",
        "4MoAOfV4ROWofLG3a3hhBN",
        "56x8mYvS3cyDGAi8N2FxbB",
        "0q2lY1ZzFckzciuoMtUvck",
        "30e8DmahrEamvLbFRPdWmk",
        "4DZGvSv2oMkBUnPz67E6z6",
        "0qSX3s5pJnAlSsgsCne8Cz",
        "3vHV92ecrylnUHDM4d2MtC",
        "5Zq7R5qmi58ByYyBQTlNuk",
        "0OpWIlokQeE7BNQMhuu2Nx",
        "5q8HGNo0BjLWaTAhRtbwxa",
        "070kGpqtESdDsLb3gdMIyx",
        "6pBNfggcZZDCmb0p92OnGn",
        "0dvKgSdNB2U1gfp6ZcekYi",
        "7H6dkUChT5EoOQtUVMg4cN",
        "4TONBKcqVR1LmPdfJxvkMU",
        "2qgvmDsc4jrqbAbjq1HGM2"
    ],
    "7DuTB6wdzqFJGFLSH17k8e": [
        "6apXk5PGvEVbgXOTyk6fP1",
        "5hPcCMWgf6Qu9vUQVySwcY",
        "181bsRPaVXVlUKXrxwZfHK",
        "32DuKytBMZn90iqyh2HEdc",
        "3u579Gdap91lMptBSdXTpf",
        "4kYSro6naA4h99UJvo89HB",
        "2jcb3DIBMDEaVPOf4dFt21",
        "4guK7U9J36z76E1tWecJ0J",
        "29XJC5N8MrBCo3XgUU1KPk",
        "3uihH9rY2n7IgCkO0Rjbe1",
        "76SlrtEaq2oViRXulxjfuM",
        "7gWumE1wMALHXANLSIt054",
        "2qDdxfKUpYg8wc49KIuT3b",
        "4udfTw7V8jI4AHi7PEfJfj",
        "4o4tLTIJ3eWMFerz73atcT",
        "37hAfseJWi0G3Scife12Il",
        "3MdXrJWsbVzdn6fe5JYkSQ",
        "2OaHYHb2XcFPvqL3VsyPzU",
        "3wyVrVrFCkukjdVIdirGVY",
        "3IhYHKVt0Q9vxCCwiCHahR"
    ],
    "181bsRPaVXVlUKXrxwZfHK": [
        "3u579Gdap91lMptBSdXTpf",
        "4guK7U9J36z76E1tWecJ0J",
        "32DuKytBMZn90iqyh2HEdc",
        "5hPcCMWgf6Qu9vUQVySwcY",
        "7gWumE1wMALHXANLSIt054",
        "6apXk5PGvEVbgXOTyk6fP1",
        "3IhYHKVt0Q9vxCCwiCHahR",
        "7DuTB6wdzqFJGFLSH17k8e",
        "2OaHYHb2XcFPvqL3VsyPzU",
        "3MdXrJWsbVzdn6fe5JYkSQ",
        "37hAfseJWi0G3Scife12Il",
        "7Gkyjs2OYQpJdOvvmwIz2Z",
        "4udfTw7V8jI4AHi7PEfJfj",
        "4lPl9gqgox3JDiaJ1yklKh",
        "21C9Dbg9CD3Dv8NaD7iW8e",
        "0DtXHIvJ8NWBg5pGvsgWnR",
        "4kYSro6naA4h99UJvo89HB",
        "3uihH9rY2n7IgCkO0Rjbe1",
        "4v6XOdonnfpdTKTRJArG7v",
        "4PrinKSrmILmo0kERG0Ogn"
    ],
    "3u579Gdap91lMptBSdXTpf": [
        "32DuKytBMZn90iqyh2HEdc",
        "6apXk5PGvEVbgXOTyk6fP1",
        "3IhYHKVt0Q9vxCCwiCHahR",
        "4guK7U9J36z76E1tWecJ0J",
        "5J1JcdYCPj44YKz6kVA5wx",
        "5hPcCMWgf6Qu9vUQVySwcY",
        "181bsRPaVXVlUKXrxwZfHK",
        "7gWumE1wMALHXANLSIt054",
        "21C9Dbg9CD3Dv8NaD7iW8e",
        "4imxqng3RrOBmykL2DhIJC",
        "7Gkyjs2OYQpJdOvvmwIz2Z",
        "3MdXrJWsbVzdn6fe5JYkSQ",
        "37hAfseJWi0G3Scife12Il",
        "6x3iaJYt5zLqKIfkrPQme9",
        "3uihH9rY2n7IgCkO0Rjbe1",
        "3KT0gxRAAb4WbAfOGMq4Lf",
        "41I5xI04kixwmonDBl0Sda",
        "4PrinKSrmILmo0kERG0Ogn",
        "6atGQM99IrRfUefJFore1B",
        "4udfTw7V8jI4AHi7PEfJfj"
    ],
    "4udfTw7V8jI4AHi7PEfJfj": [
        "7Gkyjs2OYQpJdOvvmwIz2Z",
        "5J1JcdYCPj44YKz6kVA5wx",
        "32DuKytBMZn90iqyh2HEdc",
        "65rDIPdQD7ijLSOq32cMXo",
        "3u579Gdap91lMptBSdXTpf",
        "1mKtlPrXjWK6oIdk9cSOjs",
        "7gWumE1wMALHXANLSIt054",
        "0XIKGBo9PnK1ApI5tZA60d",
        "4guK7U9J36z76E1tWecJ0J",
        "4v6XOdonnfpdTKTRJArG7v",
        "6apXk5PGvEVbgXOTyk6fP1",
        "0jUQSUOcM7lxVn5eVGTkzQ",
        "41I5xI04kixwmonDBl0Sda",
        "3MdXrJWsbVzdn6fe5JYkSQ",
        "5t6cgFa6vbJbNuxUTgT1L9",
        "6TvjXbopXg71XRM9OZWqUc",
        "3IhYHKVt0Q9vxCCwiCHahR",
        "6LIcR4928YAJqYcYD1P2mM",
        "6TrQLQR8tUluPbmdPy6jqY"
    ],
    "7Gkyjs2OYQpJdOvvmwIz2Z": [
        "32DuKytBMZn90iqyh2HEdc",
        "4udfTw7V8jI4AHi7PEfJfj",
        "3u579Gdap91lMptBSdXTpf",
        "7gWumE1wMALHXANLSIt054",
        "41I5xI04kixwmonDBl0Sda",
        "4guK7U9J36z76E1tWecJ0J",
        "6aLoJJxz7MV2iZ423S8tJC",
        "37hAfseJWi0G3Scife12Il",
        "41klVmDluQZmGGqoidNfbe",
        "2HUwZ0kumzCSlhFcjFZfpp",
        "1dqnbaIyoeXqdr0exT8fBc",
        "2h2eheYRqB6maoKoP76zsc",
        "7LvoDJUNGnOrPdGRzVtOJ9",
        "3tJoFztHeIJkJWMrx0td2f",
        "2VdDGrsKkzCfR9AG6w5O92",
        "6LIcR4928YAJqYcYD1P2mM",
        "44IvvHRk2XF243QLA2VOa8",
        "1Zatb2YN4erBOoSivOXc0o",
        "3MdXrJWsbVzdn6fe5JYkSQ",
        "7uwQPQsBYgrSd63xgeMyuM"
    ],
    "2ExGrw6XpbtUAJHTLtUXUD": [
        "4imxqng3RrOBmykL2DhIJC",
        "2o9hRZ3xI27UQpHT61A4Mm",
        "5nSAh3wlH7VaqpnkiMjzDs",
        "16plk1BhihSieDutGFbLt8",
        "6k970rXaWAWVfWMjqWtFNI",
        "6Ur6METz02CC9zcJWDFicC",
        "5vfmmb3UHpuQWJ55JP9slk",
        "5t6cgFa6vbJbNuxUTgT1L9",
        "3ijd7T9kkzgvfx1az6Z3wj",
        "3Q8Ow3li2nXzZhRPHMwR7h",
        "7JMwO9tyFPMsb2KnsJqZlp",
        "6TlhWcs3imNDmxFviZjpDX",
        "7qPISKHhhKDLZTmYcX7bWd",
        "14H15rElxdGClICOZXEYHP",
        "1V6rvT87qMQvo6HAixjlpY",
        "5KKpBU5eC2tJDzf0wmlRp2",
        "5AbLpsnTQVNB3OEadYiVrK",
        "3EUM35RpJZkmptksMgQyj6",
        "1LKo6ZA3RNvKtLa6zDu32S",
        "1OFOShsIbhy1l5x73yuVyB"
    ]
}